timestamp,messageType,latencyMs,statusCode,roomId
1770672188249,TEXT,35,OK,1
1770672188249,TEXT,35,OK,2
1770672188249,TEXT,35,OK,1
1770672188249,TEXT,35,OK,2
1770672188254,TEXT,31,OK,1
1770672188254,JOIN,32,OK,2
1770672188253,TEXT,32,OK,4
1770672188249,TEXT,36,OK,2
1770672188261,TEXT,24,OK,3
1770672188261,JOIN,26,OK,5
1770672188256,TEXT,31,OK,1
1770672188261,TEXT,29,OK,4
1770672188263,TEXT,28,OK,5
1770672188275,TEXT,25,OK,3
1770672188273,LEAVE,29,OK,1
1770672188273,TEXT,29,OK,3
1770672188275,TEXT,28,OK,4
1770672188275,TEXT,28,OK,3
1770672188273,TEXT,31,OK,3
1770672188273,TEXT,32,OK,5
1770672188275,LEAVE,36,OK,4
1770672188285,TEXT,27,OK,1
1770672188275,TEXT,39,OK,6
1770672188285,TEXT,30,OK,1
1770672188285,TEXT,30,OK,2
1770672188285,TEXT,30,OK,6
1770672188285,TEXT,30,OK,11
1770672188275,TEXT,103,OK,7
1770672188287,TEXT,90,OK,5
1770672188279,TEXT,99,OK,7
1770672188311,TEXT,67,OK,16
1770672188303,TEXT,75,OK,8
1770672188286,TEXT,92,OK,11
1770672188312,TEXT,66,OK,10
1770672188275,TEXT,103,OK,6
1770672188275,TEXT,103,OK,7
1770672188311,TEXT,70,OK,11
1770672188303,TEXT,78,OK,1
1770672188291,TEXT,90,OK,4
1770672188286,TEXT,95,OK,4
1770672188292,TEXT,89,OK,12
1770672188311,TEXT,70,OK,4
1770672188306,TEXT,75,OK,14
1770672188305,TEXT,76,OK,15
1770672188286,TEXT,96,OK,2
1770672188293,TEXT,88,OK,9
1770672188312,TEXT,69,OK,1
1770672188315,TEXT,66,OK,6
1770672188303,LEAVE,78,OK,10
1770672188290,TEXT,92,OK,9
1770672188316,TEXT,65,OK,11
1770672188315,TEXT,66,OK,1
1770672188288,TEXT,95,OK,1
1770672188315,TEXT,69,OK,6
1770672188307,TEXT,76,OK,10
1770672188303,TEXT,81,OK,4
1770672188303,TEXT,81,OK,3
1770672188316,TEXT,68,OK,12
1770672188313,TEXT,72,OK,7
1770672188315,TEXT,70,OK,16
1770672188315,TEXT,70,OK,8
1770672188315,TEXT,70,OK,14
1770672188316,TEXT,69,OK,6
1770672188313,TEXT,73,OK,5
1770672188315,JOIN,70,OK,15
1770672188294,TEXT,93,OK,5
1770672188318,TEXT,75,OK,10
1770672188300,TEXT,92,OK,3
1770672188286,TEXT,107,OK,9
1770672188286,TEXT,107,OK,2
1770672188286,TEXT,107,OK,4
1770672188288,TEXT,104,OK,8
1770672188285,TEXT,108,OK,2
1770672188304,TEXT,89,OK,3
1770672188286,TEXT,107,OK,9
1770672188309,TEXT,84,OK,13
1770672188286,TEXT,107,OK,8
1770672188306,TEXT,88,OK,6
1770672188303,TEXT,91,OK,12
1770672188315,TEXT,79,OK,11
1770672188288,TEXT,107,OK,12
1770672188286,TEXT,108,OK,3
1770672188306,TEXT,89,OK,5
1770672188315,TEXT,79,OK,2
1770672188286,TEXT,109,OK,1
1770672188316,LEAVE,78,OK,10
1770672188292,TEXT,102,OK,5
1770672188303,TEXT,91,OK,3
1770672188285,TEXT,109,OK,2
1770672188307,TEXT,89,OK,8
1770672188288,TEXT,108,OK,9
1770672188296,TEXT,100,OK,13
1770672188308,TEXT,88,OK,13
1770672188375,TEXT,27,OK,17
1770672188378,TEXT,26,OK,11
1770672188378,JOIN,27,OK,7
1770672188379,TEXT,26,OK,15
1770672188378,TEXT,27,OK,5
1770672188379,TEXT,26,OK,11
1770672188378,TEXT,27,OK,7
1770672188378,TEXT,27,OK,16
1770672188378,TEXT,27,OK,8
1770672188379,TEXT,26,OK,7
1770672188382,TEXT,32,OK,20
1770672188381,TEXT,33,OK,12
1770672188382,LEAVE,33,OK,2
1770672188382,TEXT,32,OK,16
1770672188381,TEXT,33,OK,4
1770672188382,TEXT,33,OK,16
1770672188382,TEXT,34,OK,15
1770672188382,JOIN,33,OK,13
1770672188382,TEXT,33,OK,1
1770672188382,TEXT,34,OK,4
1770672188384,TEXT,33,OK,3
1770672188382,TEXT,35,OK,17
1770672188381,TEXT,36,OK,4
1770672188382,TEXT,35,OK,9
1770672188381,TEXT,36,OK,1
1770672188382,LEAVE,36,OK,14
1770672188382,TEXT,35,OK,10
1770672188384,TEXT,33,OK,6
1770672188384,TEXT,33,OK,10
1770672188384,TEXT,33,OK,4
1770672188378,TEXT,39,OK,6
1770672188382,TEXT,35,OK,18
1770672188384,TEXT,33,OK,1
1770672188382,TEXT,36,OK,9
1770672188382,JOIN,36,OK,1
1770672188382,TEXT,36,OK,6
1770672188382,TEXT,36,OK,11
1770672188378,TEXT,39,OK,7
1770672188381,TEXT,36,OK,11
1770672188378,TEXT,39,OK,10
1770672188405,TEXT,23,OK,5
1770672188393,TEXT,35,OK,4
1770672188393,TEXT,35,OK,2
1770672188393,TEXT,35,OK,8
1770672188395,TEXT,34,OK,12
1770672188386,TEXT,43,OK,14
1770672188386,TEXT,43,OK,14
1770672188395,TEXT,34,OK,1
1770672188386,TEXT,42,OK,15
1770672188393,TEXT,35,OK,9
1770672188397,TEXT,32,OK,16
1770672188393,TEXT,35,OK,8
1770672188395,TEXT,35,OK,12
1770672188389,TEXT,41,OK,17
1770672188395,TEXT,35,OK,3
1770672188395,TEXT,35,OK,5
1770672188384,TEXT,46,OK,12
1770672188384,TEXT,46,OK,18
1770672188396,TEXT,34,OK,9
1770672188397,TEXT,33,OK,19
1770672188396,TEXT,34,OK,14
1770672188397,TEXT,33,OK,20
1770672188386,TEXT,44,OK,16
1770672188393,TEXT,37,OK,2
1770672188393,TEXT,37,OK,3
1770672188395,TEXT,35,OK,3
1770672188393,TEXT,37,OK,3
1770672188395,TEXT,36,OK,11
1770672188386,TEXT,45,OK,7
1770672188386,TEXT,45,OK,15
1770672188394,LEAVE,37,OK,12
1770672188393,TEXT,37,OK,9
1770672188386,TEXT,45,OK,8
1770672188395,TEXT,36,OK,2
1770672188396,TEXT,35,OK,8
1770672188396,TEXT,35,OK,13
1770672188397,TEXT,35,OK,13
1770672188395,TEXT,37,OK,10
1770672188393,TEXT,38,OK,13
1770672188386,TEXT,46,OK,6
1770672188395,TEXT,36,OK,18
1770672188386,TEXT,45,OK,5
1770672188393,TEXT,38,OK,10
1770672188401,TEXT,31,OK,19
1770672188394,TEXT,38,OK,17
1770672188395,TEXT,37,OK,6
1770672188398,TEXT,34,OK,20
1770672188397,TEXT,34,OK,18
1770672188405,TEXT,26,OK,11
1770672188395,JOIN,37,OK,2
1770672188395,TEXT,37,OK,5
1770672188402,TEXT,29,OK,17
1770672188405,TEXT,26,OK,7
1770672188401,TEXT,31,OK,19
1770672188403,TEXT,29,OK,18
1770672188406,TEXT,26,OK,7
1770672188406,TEXT,26,OK,16
1770672188387,TEXT,45,OK,5
1770672188405,TEXT,26,OK,15
1770672188399,TEXT,33,OK,19
1770672188401,TEXT,31,OK,20
1770672188398,TEXT,34,OK,17
1770672188404,TEXT,28,OK,20
1770672188404,TEXT,28,OK,19
1770672188405,TEXT,26,OK,11
1770672188400,TEXT,32,OK,13
1770672188399,TEXT,33,OK,14
1770672188403,TEXT,29,OK,15
1770672188406,TEXT,32,OK,8
1770672188406,JOIN,32,OK,7
1770672188415,TEXT,31,OK,4
1770672188415,TEXT,31,OK,2
1770672188416,LEAVE,30,OK,1
1770672188415,TEXT,30,OK,16
1770672188415,TEXT,31,OK,20
1770672188416,TEXT,31,OK,15
1770672188418,TEXT,29,OK,3
1770672188416,TEXT,31,OK,13
1770672188415,TEXT,32,OK,12
1770672188415,TEXT,33,OK,16
1770672188416,TEXT,32,OK,4
1770672188418,TEXT,30,OK,4
1770672188418,TEXT,30,OK,17
1770672188418,TEXT,30,OK,9
1770672188418,TEXT,35,OK,9
1770672188418,TEXT,35,OK,6
1770672188418,TEXT,35,OK,1
1770672188418,TEXT,36,OK,4
1770672188418,LEAVE,36,OK,1
1770672188418,TEXT,38,OK,18
1770672188418,TEXT,38,OK,6
1770672188418,TEXT,38,OK,10
1770672188418,TEXT,38,OK,14
1770672188418,TEXT,38,OK,6
1770672188418,TEXT,38,OK,1
1770672188418,TEXT,38,OK,10
1770672188429,TEXT,29,OK,4
1770672188429,TEXT,29,OK,5
1770672188429,TEXT,31,OK,8
1770672188418,TEXT,43,OK,11
1770672188431,TEXT,30,OK,2
1770672188431,TEXT,30,OK,3
1770672188429,TEXT,31,OK,2
1770672188431,TEXT,30,OK,3
1770672188431,TEXT,30,OK,20
1770672188429,JOIN,31,OK,16
1770672188429,TEXT,31,OK,8
1770672188431,LEAVE,30,OK,16
1770672188430,TEXT,31,OK,17
1770672188431,TEXT,30,OK,12
1770672188431,TEXT,30,OK,9
1770672188430,TEXT,31,OK,3
1770672188429,TEXT,33,OK,1
1770672188431,TEXT,31,OK,2
1770672188432,TEXT,30,OK,11
1770672188431,TEXT,32,OK,11
1770672188431,TEXT,31,OK,7
1770672188432,TEXT,30,OK,7
1770672188429,TEXT,33,OK,9
1770672188429,TEXT,34,OK,12
1770672188432,LEAVE,31,OK,7
1770672188431,TEXT,32,OK,8
1770672188429,TEXT,35,OK,14
1770672188432,TEXT,32,OK,18
1770672188430,TEXT,34,OK,5
1770672188431,TEXT,33,OK,3
1770672188432,TEXT,32,OK,5
1770672188432,TEXT,33,OK,10
1770672188432,TEXT,32,OK,17
1770672188432,LEAVE,33,OK,19
1770672188432,TEXT,33,OK,20
1770672188418,TEXT,47,OK,10
1770672188418,TEXT,47,OK,11
1770672188429,TEXT,36,OK,15
1770672188429,TEXT,36,OK,14
1770672188430,TEXT,34,OK,12
1770672188431,TEXT,34,OK,19
1770672188431,TEXT,34,OK,9
1770672188430,TEXT,34,OK,12
1770672188418,TEXT,47,OK,7
1770672188431,TEXT,34,OK,14
1770672188431,TEXT,34,OK,15
1770672188431,TEXT,34,OK,18
1770672188432,TEXT,33,OK,20
1770672188433,TEXT,32,OK,14
1770672188432,TEXT,33,OK,6
1770672188432,TEXT,33,OK,18
1770672188432,TEXT,33,OK,19
1770672188432,TEXT,33,OK,16
1770672188432,TEXT,33,OK,11
1770672188432,TEXT,33,OK,15
1770672188432,TEXT,33,OK,18
1770672188432,TEXT,33,OK,8
1770672188432,TEXT,33,OK,5
1770672188432,TEXT,33,OK,17
1770672188432,TEXT,33,OK,10
1770672188432,TEXT,33,OK,13
1770672188432,TEXT,33,OK,13
1770672188432,JOIN,33,OK,13
1770672188432,TEXT,33,OK,5
1770672188432,TEXT,34,OK,19
1770672188432,TEXT,34,OK,17
1770672188432,TEXT,34,OK,19
1770672188432,JOIN,34,OK,6
1770672188432,TEXT,34,OK,2
1770672188432,TEXT,34,OK,20
1770672188433,TEXT,34,OK,15
1770672188432,JOIN,34,OK,13
1770672188438,TEXT,28,OK,8
1770672188456,TEXT,29,OK,6
1770672188456,TEXT,29,OK,18
1770672188454,TEXT,31,OK,1
1770672188454,TEXT,31,OK,4
1770672188453,TEXT,32,OK,6
1770672188453,TEXT,32,OK,9
1770672188453,TEXT,32,OK,1
1770672188448,TEXT,37,OK,17
1770672188447,TEXT,38,OK,13
1770672188448,TEXT,38,OK,16
1770672188448,TEXT,38,OK,4
1770672188446,TEXT,39,OK,16
1770672188447,TEXT,39,OK,20
1770672188447,TEXT,38,OK,3
1770672188447,TEXT,39,OK,15
1770672188446,TEXT,40,OK,1
1770672188447,TEXT,39,OK,12
1770672188446,TEXT,40,OK,2
1770672188446,TEXT,40,OK,4
1770672188448,TEXT,38,OK,9
1770672188438,TEXT,48,OK,7
1770672188448,TEXT,38,OK,4
1770672188459,TEXT,28,OK,4
1770672188461,TEXT,26,OK,8
1770672188461,TEXT,26,OK,2
1770672188459,TEXT,28,OK,5
1770672188461,TEXT,26,OK,2
1770672188461,TEXT,26,OK,3
1770672188461,LEAVE,26,OK,3
1770672188461,TEXT,26,OK,11
1770672188461,TEXT,26,OK,20
1770672188456,TEXT,31,OK,6
1770672188456,LEAVE,35,OK,1
1770672188456,TEXT,35,OK,14
1770672188456,TEXT,35,OK,10
1770672188456,TEXT,35,OK,10
1770672188486,TEXT,17,OK,1
1770672188486,TEXT,25,OK,1
1770672188487,TEXT,24,OK,5
1770672188463,TEXT,49,OK,11
1770672188463,JOIN,49,OK,7
1770672188462,TEXT,49,OK,1
1770672188462,TEXT,50,OK,9
1770672188461,TEXT,50,OK,8
1770672188462,TEXT,50,OK,3
1770672188463,TEXT,49,OK,9
1770672188463,TEXT,49,OK,2
1770672188464,TEXT,48,OK,7
1770672188465,TEXT,48,OK,5
1770672188463,TEXT,49,OK,12
1770672188465,TEXT,48,OK,5
1770672188465,TEXT,48,OK,3
1770672188486,TEXT,27,OK,12
1770672188461,TEXT,52,OK,16
1770672188486,TEXT,27,OK,15
1770672188486,TEXT,27,OK,4
1770672188461,TEXT,52,OK,16
1770672188486,TEXT,27,OK,9
1770672188464,JOIN,49,OK,14
1770672188464,TEXT,49,OK,18
1770672188486,TEXT,27,OK,2
1770672188466,TEXT,47,OK,8
1770672188486,TEXT,27,OK,9
1770672188462,TEXT,51,OK,17
1770672188488,LEAVE,26,OK,11
1770672188466,TEXT,47,OK,5
1770672188487,TEXT,26,OK,4
1770672188486,TEXT,27,OK,6
1770672188462,LEAVE,51,OK,12
1770672188466,TEXT,48,OK,13
1770672188466,TEXT,48,OK,13
1770672188466,TEXT,48,OK,13
1770672188465,TEXT,48,OK,12
1770672188487,TEXT,26,OK,8
1770672188488,TEXT,26,OK,2
1770672188486,TEXT,27,OK,4
1770672188467,TEXT,47,OK,2
1770672188466,TEXT,48,OK,16
1770672188467,TEXT,47,OK,6
1770672188465,TEXT,49,OK,9
1770672188463,LEAVE,52,OK,11
1770672188464,TEXT,51,OK,8
1770672188486,TEXT,29,OK,4
1770672188465,TEXT,49,OK,6
1770672188465,TEXT,50,OK,10
1770672188466,TEXT,49,OK,19
1770672188463,LEAVE,52,OK,7
1770672188465,TEXT,50,OK,7
1770672188466,TEXT,49,OK,18
1770672188486,TEXT,29,OK,6
1770672188486,TEXT,29,OK,3
1770672188466,TEXT,49,OK,15
1770672188486,TEXT,29,OK,1
1770672188466,TEXT,49,OK,18
1770672188487,TEXT,29,OK,4
1770672188488,TEXT,27,OK,6
1770672188466,JOIN,49,OK,11
1770672188467,TEXT,48,OK,8
1770672188466,TEXT,49,OK,5
1770672188486,TEXT,29,OK,16
1770672188466,TEXT,49,OK,10
1770672188466,TEXT,49,OK,17
1770672188466,TEXT,49,OK,19
1770672188466,TEXT,49,OK,19
1770672188466,TEXT,49,OK,17
1770672188467,LEAVE,51,OK,20
1770672188486,TEXT,31,OK,16
1770672188486,TEXT,31,OK,13
1770672188487,TEXT,30,OK,2
1770672188467,TEXT,51,OK,15
1770672188488,TEXT,30,OK,3
1770672188488,TEXT,30,OK,3
1770672188492,TEXT,26,OK,1
1770672188504,TEXT,19,OK,1
1770672188465,TEXT,58,OK,17
1770672188486,TEXT,37,OK,17
1770672188486,TEXT,37,OK,7
1770672188467,TEXT,57,OK,13
1770672188486,TEXT,37,OK,20
1770672188488,TEXT,36,OK,20
1770672188465,TEXT,58,OK,15
1770672188465,TEXT,58,OK,19
1770672188465,TEXT,58,OK,20
1770672188465,TEXT,58,OK,10
1770672188465,TEXT,58,OK,14
1770672188465,TEXT,58,OK,18
1770672188465,TEXT,59,OK,20
1770672188465,TEXT,59,OK,14
1770672188465,TEXT,59,OK,19
1770672188465,TEXT,59,OK,12
1770672188465,TEXT,59,OK,14
1770672188465,TEXT,59,OK,11
1770672188465,TEXT,59,OK,15
1770672188492,TEXT,33,OK,14
1770672188486,TEXT,39,OK,18
1770672188492,TEXT,33,OK,10
1770672188492,TEXT,33,OK,10
1770672188512,TEXT,18,OK,1
1770672188514,TEXT,26,OK,2
1770672188514,TEXT,26,OK,11
1770672188514,TEXT,26,OK,6
1770672188515,TEXT,25,OK,4
1770672188514,TEXT,26,OK,2
1770672188514,LEAVE,26,OK,4
1770672188514,TEXT,26,OK,4
1770672188512,JOIN,28,OK,2
1770672188514,TEXT,26,OK,4
1770672188512,TEXT,28,OK,5
1770672188513,TEXT,33,OK,12
1770672188518,TEXT,29,OK,3
1770672188513,TEXT,33,OK,15
1770672188512,TEXT,35,OK,9
1770672188512,TEXT,35,OK,8
1770672188518,TEXT,29,OK,3
1770672188524,TEXT,23,OK,17
1770672188512,TEXT,35,OK,7
1770672188518,TEXT,29,OK,2
1770672188514,LEAVE,33,OK,9
1770672188512,TEXT,35,OK,11
1770672188512,TEXT,35,OK,1
1770672188514,TEXT,33,OK,16
1770672188514,TEXT,34,OK,8
1770672188512,TEXT,35,OK,9
1770672188512,TEXT,35,OK,3
1770672188513,LEAVE,34,OK,12
1770672188515,TEXT,32,OK,15
1770672188516,TEXT,32,OK,8
1770672188512,JOIN,35,OK,7
1770672188516,TEXT,32,OK,11
1770672188518,TEXT,30,OK,16
1770672188518,LEAVE,30,OK,13
1770672188524,TEXT,24,OK,20
1770672188514,TEXT,34,OK,9
1770672188516,TEXT,32,OK,16
1770672188524,TEXT,24,OK,1
1770672188514,TEXT,34,OK,5
1770672188519,TEXT,29,OK,1
1770672188515,TEXT,32,OK,3
1770672188515,TEXT,32,OK,6
1770672188515,TEXT,32,OK,1
1770672188514,TEXT,34,OK,12
1770672188514,TEXT,34,OK,6
1770672188514,TEXT,34,OK,13
1770672188513,TEXT,34,OK,5
1770672188513,TEXT,34,OK,5
1770672188514,TEXT,34,OK,2
1770672188513,TEXT,35,OK,3
1770672188514,TEXT,34,OK,8
1770672188514,TEXT,34,OK,13
1770672188514,TEXT,34,OK,13
1770672188515,TEXT,34,OK,9
1770672188516,TEXT,34,OK,4
1770672188524,TEXT,26,OK,17
1770672188515,TEXT,34,OK,7
1770672188516,TEXT,34,OK,6
1770672188524,TEXT,27,OK,20
1770672188531,JOIN,20,OK,1
1770672188514,TEXT,37,OK,18
1770672188514,LEAVE,38,OK,16
1770672188524,LEAVE,27,OK,7
1770672188525,TEXT,30,OK,10
1770672188525,TEXT,30,OK,14
1770672188525,TEXT,30,OK,10
1770672188525,TEXT,30,OK,18
1770672188514,TEXT,42,OK,14
1770672188524,TEXT,32,OK,10
1770672188524,TEXT,32,OK,20
1770672188524,TEXT,32,OK,14
1770672188524,TEXT,32,OK,19
1770672188513,TEXT,42,OK,16
1770672188514,TEXT,42,OK,17
1770672188514,TEXT,42,OK,12
1770672188516,TEXT,40,OK,18
1770672188515,TEXT,41,OK,11
1770672188516,TEXT,40,OK,5
1770672188515,TEXT,41,OK,8
1770672188515,TEXT,41,OK,18
1770672188515,TEXT,41,OK,10
1770672188515,TEXT,41,OK,6
1770672188516,TEXT,40,OK,19
1770672188515,TEXT,41,OK,7
1770672188515,TEXT,41,OK,19
1770672188516,TEXT,40,OK,10
1770672188516,TEXT,40,OK,17
1770672188516,TEXT,40,OK,19
1770672188516,TEXT,40,OK,17
1770672188518,TEXT,39,OK,15
1770672188524,TEXT,32,OK,13
1770672188518,TEXT,39,OK,20
1770672188524,TEXT,32,OK,15
1770672188524,TEXT,32,OK,18
1770672188525,TEXT,31,OK,11
1770672188525,TEXT,31,OK,20
1770672188525,TEXT,31,OK,12
1770672188525,TEXT,31,OK,14
1770672188525,TEXT,31,OK,19
1770672188525,TEXT,31,OK,14
1770672188525,TEXT,31,OK,15
1770672188540,TEXT,18,OK,11
1770672188540,TEXT,29,OK,2
1770672188540,TEXT,29,OK,4
1770672188540,TEXT,29,OK,2
1770672188540,TEXT,29,OK,4
1770672188540,TEXT,29,OK,6
1770672188540,LEAVE,29,OK,2
1770672188540,JOIN,29,OK,4
1770672188548,TEXT,32,OK,16
1770672188540,TEXT,39,OK,5
1770672188548,TEXT,31,OK,11
1770672188547,TEXT,32,OK,15
1770672188548,TEXT,31,OK,16
1770672188548,TEXT,32,OK,11
1770672188551,TEXT,28,OK,1
1770672188547,TEXT,32,OK,12
1770672188547,TEXT,32,OK,9
1770672188548,TEXT,31,OK,1
1770672188547,TEXT,32,OK,17
1770672188547,TEXT,32,OK,2
1770672188547,LEAVE,32,OK,9
1770672188548,TEXT,31,OK,9
1770672188547,TEXT,32,OK,7
1770672188547,TEXT,32,OK,3
1770672188540,TEXT,39,OK,4
1770672188547,TEXT,32,OK,3
1770672188548,TEXT,31,OK,8
1770672188548,TEXT,31,OK,15
1770672188548,TEXT,32,OK,1
1770672188548,TEXT,31,OK,16
1770672188548,TEXT,32,OK,3
1770672188548,TEXT,31,OK,9
1770672188548,TEXT,32,OK,8
1770672188548,TEXT,32,OK,7
1770672188548,TEXT,32,OK,13
1770672188547,TEXT,33,OK,8
1770672188548,TEXT,32,OK,12
1770672188550,TEXT,30,OK,4
1770672188548,TEXT,32,OK,1
1770672188548,TEXT,32,OK,5
1770672188548,TEXT,32,OK,6
1770672188548,TEXT,32,OK,3
1770672188548,TEXT,32,OK,1
1770672188548,TEXT,32,OK,13
1770672188548,TEXT,32,OK,5
1770672188548,TEXT,32,OK,5
1770672188548,TEXT,32,OK,3
1770672188548,TEXT,32,OK,6
1770672188550,TEXT,30,OK,6
1770672188551,TEXT,33,OK,20
1770672188548,TEXT,36,OK,20
1770672188551,TEXT,33,OK,18
1770672188552,JOIN,33,OK,16
1770672188556,TEXT,28,OK,14
1770672188556,TEXT,28,OK,16
1770672188556,TEXT,28,OK,20
1770672188556,JOIN,28,OK,17
1770672188556,TEXT,28,OK,8
1770672188556,TEXT,28,OK,18
1770672188557,TEXT,28,OK,7
1770672188556,TEXT,28,OK,19
1770672188556,TEXT,28,OK,11
1770672188556,TEXT,28,OK,12
1770672188556,TEXT,28,OK,10
1770672188556,TEXT,28,OK,6
1770672188556,TEXT,28,OK,18
1770672188557,TEXT,28,OK,19
1770672188550,LEAVE,35,OK,17
1770672188556,TEXT,29,OK,10
1770672188556,TEXT,29,OK,18
1770672188556,TEXT,29,OK,14
1770672188556,TEXT,29,OK,10
1770672188556,TEXT,29,OK,14
1770672188552,TEXT,34,OK,7
1770672188548,JOIN,37,OK,2
1770672188548,TEXT,37,OK,12
1770672188550,TEXT,35,OK,9
1770672188556,TEXT,29,OK,10
1770672188548,TEXT,37,OK,13
1770672188548,TEXT,37,OK,13
1770672188548,TEXT,37,OK,8
1770672188557,TEXT,29,OK,15
1770672188557,TEXT,29,OK,11
1770672188557,TEXT,29,OK,18
1770672188557,TEXT,29,OK,20
1770672188557,TEXT,29,OK,12
1770672188556,TEXT,29,OK,5
1770672188557,TEXT,29,OK,10
1770672188557,TEXT,29,OK,19
1770672188557,TEXT,29,OK,17
1770672188557,TEXT,29,OK,14
1770672188557,LEAVE,29,OK,14
1770672188557,TEXT,29,OK,19
1770672188557,TEXT,29,OK,15
1770672188550,TEXT,36,OK,7
1770672188557,TEXT,29,OK,17
1770672188557,TEXT,29,OK,19
1770672188557,TEXT,29,OK,15
1770672188570,TEXT,22,OK,4
1770672188570,TEXT,22,OK,4
1770672188559,TEXT,32,OK,11
1770672188570,TEXT,22,OK,2
1770672188570,TEXT,22,OK,2
1770672188570,TEXT,22,OK,2
1770672188570,TEXT,22,OK,6
1770672188570,LEAVE,22,OK,4
1770672188557,TEXT,35,OK,20
1770672188557,TEXT,35,OK,13
1770672188580,TEXT,19,OK,5
1770672188580,TEXT,30,OK,11
1770672188580,TEXT,30,OK,11
1770672188580,TEXT,30,OK,16
1770672188581,TEXT,29,OK,13
1770672188585,TEXT,25,OK,20
1770672188580,TEXT,30,OK,16
1770672188581,TEXT,29,OK,8
1770672188580,TEXT,30,OK,12
1770672188580,TEXT,30,OK,15
1770672188585,LEAVE,25,OK,18
1770672188580,TEXT,30,OK,1
1770672188585,JOIN,25,OK,16
1770672188580,TEXT,30,OK,16
1770672188580,TEXT,30,OK,9
1770672188580,JOIN,30,OK,1
1770672188580,TEXT,30,OK,2
1770672188585,TEXT,25,OK,17
1770672188580,TEXT,30,OK,17
1770672188585,TEXT,25,OK,16
1770672188580,JOIN,30,OK,7
1770672188580,TEXT,30,OK,9
1770672188585,TEXT,25,OK,12
1770672188585,TEXT,25,OK,20
1770672188580,TEXT,30,OK,3
1770672188581,TEXT,29,OK,8
1770672188580,TEXT,30,OK,9
1770672188580,TEXT,30,OK,4
1770672188580,TEXT,30,OK,8
1770672188580,JOIN,31,OK,3
1770672188581,TEXT,30,OK,12
1770672188585,JOIN,26,OK,10
1770672188580,JOIN,31,OK,15
1770672188585,TEXT,26,OK,18
1770672188580,TEXT,31,OK,1
1770672188585,TEXT,26,OK,14
1770672188580,TEXT,31,OK,3
1770672188581,TEXT,31,OK,7
1770672188580,TEXT,31,OK,9
1770672188585,TEXT,26,OK,20
1770672188585,TEXT,26,OK,11
1770672188585,TEXT,26,OK,19
1770672188585,TEXT,26,OK,8
1770672188585,TEXT,26,OK,6
1770672188585,TEXT,26,OK,18
1770672188585,TEXT,26,OK,19
1770672188585,TEXT,26,OK,7
1770672188586,TEXT,26,OK,10
1770672188581,TEXT,31,OK,1
1770672188581,TEXT,31,OK,4
1770672188586,TEXT,26,OK,14
1770672188581,TEXT,31,OK,5
1770672188581,TEXT,31,OK,6
1770672188581,TEXT,31,OK,3
1770672188581,JOIN,31,OK,1
1770672188586,TEXT,26,OK,7
1770672188586,TEXT,26,OK,10
1770672188581,TEXT,31,OK,13
1770672188581,TEXT,31,OK,5
1770672188581,TEXT,31,OK,5
1770672188586,LEAVE,26,OK,2
1770672188581,TEXT,31,OK,3
1770672188586,TEXT,26,OK,9
1770672188586,TEXT,26,OK,13
1770672188585,TEXT,26,OK,17
1770672188581,TEXT,31,OK,6
1770672188586,TEXT,26,OK,12
1770672188586,TEXT,26,OK,10
1770672188586,TEXT,26,OK,18
1770672188586,TEXT,26,OK,13
1770672188581,TEXT,31,OK,6
1770672188592,TEXT,27,OK,4
1770672188592,TEXT,27,OK,2
1770672188592,TEXT,27,OK,4
1770672188592,TEXT,27,OK,11
1770672188592,TEXT,27,OK,6
1770672188592,JOIN,27,OK,2
1770672188592,TEXT,27,OK,2
1770672188586,LEAVE,34,OK,11
1770672188586,TEXT,34,OK,14
1770672188586,TEXT,33,OK,5
1770672188586,TEXT,34,OK,15
1770672188586,TEXT,34,OK,19
1770672188592,TEXT,28,OK,4
1770672188586,JOIN,34,OK,10
1770672188586,JOIN,34,OK,17
1770672188586,TEXT,34,OK,12
1770672188586,TEXT,33,OK,17
1770672188586,TEXT,34,OK,18
1770672188586,TEXT,33,OK,19
1770672188592,TEXT,28,OK,13
1770672188586,TEXT,34,OK,14
1770672188586,TEXT,34,OK,15
1770672188586,JOIN,34,OK,20
1770672188586,TEXT,34,OK,19
1770672188592,TEXT,28,OK,20
1770672188586,TEXT,34,OK,14
1770672188586,TEXT,34,OK,15
1770672188586,TEXT,34,OK,7
1770672188586,TEXT,34,OK,8
1770672188600,TEXT,21,OK,5
1770672188610,JOIN,22,OK,8
1770672188610,TEXT,23,OK,11
1770672188610,TEXT,23,OK,16
1770672188610,TEXT,23,OK,11
1770672188610,TEXT,23,OK,13
1770672188610,TEXT,23,OK,20
1770672188610,TEXT,23,OK,16
1770672188610,TEXT,22,OK,18
1770672188612,TEXT,21,OK,20
1770672188610,TEXT,22,OK,15
1770672188610,TEXT,22,OK,16
1770672188610,TEXT,23,OK,12
1770672188610,TEXT,22,OK,1
1770672188612,JOIN,21,OK,9
1770672188610,TEXT,23,OK,16
1770672188610,TEXT,23,OK,9
1770672188610,TEXT,23,OK,1
1770672188610,TEXT,23,OK,17
1770672188610,TEXT,23,OK,2
1770672188610,JOIN,23,OK,17
1770672188610,TEXT,23,OK,7
1770672188610,LEAVE,23,OK,16
1770672188610,TEXT,23,OK,12
1770672188610,TEXT,23,OK,9
1770672188610,TEXT,23,OK,3
1770672188610,TEXT,23,OK,20
1770672188610,TEXT,23,OK,8
1770672188610,TEXT,23,OK,9
1770672188611,TEXT,23,OK,4
1770672188611,TEXT,23,OK,8
1770672188612,TEXT,21,OK,11
1770672188612,TEXT,21,OK,18
1770672188612,TEXT,21,OK,19
1770672188612,JOIN,22,OK,8
1770672188611,TEXT,22,OK,3
1770672188612,TEXT,22,OK,7
1770672188611,TEXT,22,OK,12
1770672188611,TEXT,22,OK,10
1770672188612,TEXT,22,OK,1
1770672188612,TEXT,22,OK,6
1770672188611,TEXT,22,OK,15
1770672188612,TEXT,22,OK,19
1770672188612,TEXT,22,OK,14
1770672188612,TEXT,22,OK,1
1770672188612,TEXT,22,OK,17
1770672188612,JOIN,22,OK,18
1770672188612,TEXT,22,OK,10
1770672188612,TEXT,22,OK,7
1770672188612,TEXT,22,OK,4
1770672188612,TEXT,22,OK,18
1770672188612,TEXT,22,OK,14
1770672188612,JOIN,22,OK,6
1770672188612,TEXT,22,OK,5
1770672188612,TEXT,22,OK,10
1770672188612,TEXT,22,OK,3
1770672188612,TEXT,22,OK,6
1770672188612,TEXT,22,OK,3
1770672188612,TEXT,22,OK,1
1770672188612,TEXT,22,OK,10
1770672188612,TEXT,22,OK,7
1770672188612,TEXT,22,OK,13
1770672188612,TEXT,22,OK,5
1770672188612,TEXT,22,OK,12
1770672188612,TEXT,22,OK,5
1770672188612,TEXT,22,OK,3
1770672188612,TEXT,22,OK,2
1770672188612,TEXT,22,OK,9
1770672188612,TEXT,22,OK,13
1770672188612,LEAVE,29,OK,13
1770672188612,TEXT,29,OK,6
1770672188619,TEXT,32,OK,4
1770672188619,TEXT,32,OK,2
1770672188619,LEAVE,32,OK,4
1770672188619,TEXT,32,OK,6
1770672188619,TEXT,32,OK,11
1770672188619,TEXT,32,OK,2
1770672188619,TEXT,32,OK,2
1770672188620,TEXT,31,OK,5
1770672188620,TEXT,31,OK,11
1770672188620,LEAVE,31,OK,15
1770672188620,TEXT,31,OK,14
1770672188620,TEXT,31,OK,4
1770672188620,TEXT,31,OK,10
1770672188620,TEXT,31,OK,19
1770672188620,TEXT,31,OK,17
1770672188620,TEXT,31,OK,19
1770672188620,TEXT,31,OK,17
1770672188620,TEXT,31,OK,18
1770672188620,TEXT,31,OK,20
1770672188620,TEXT,31,OK,12
1770672188633,TEXT,21,OK,11
1770672188633,TEXT,23,OK,16
1770672188621,TEXT,34,OK,5
1770672188633,TEXT,23,OK,8
1770672188633,TEXT,23,OK,11
1770672188633,TEXT,23,OK,12
1770672188633,TEXT,23,OK,15
1770672188633,TEXT,23,OK,20
1770672188633,LEAVE,23,OK,20
1770672188633,TEXT,23,OK,16
1770672188633,LEAVE,23,OK,18
1770672188633,TEXT,23,OK,16
1770672188633,TEXT,23,OK,1
1770672188633,LEAVE,23,OK,13
1770672188633,TEXT,23,OK,9
1770672188633,TEXT,23,OK,16
1770672188633,TEXT,23,OK,1
1770672188633,TEXT,23,OK,17
1770672188633,TEXT,23,OK,2
1770672188633,TEXT,23,OK,7
1770672188633,TEXT,23,OK,16
1770672188633,TEXT,23,OK,17
1770672188633,TEXT,23,OK,9
1770672188633,TEXT,23,OK,12
1770672188634,TEXT,23,OK,8
1770672188633,TEXT,23,OK,3
1770672188634,TEXT,23,OK,4
1770672188633,TEXT,23,OK,9
1770672188634,LEAVE,23,OK,11
1770672188634,LEAVE,23,OK,9
1770672188634,TEXT,23,OK,8
1770672188634,TEXT,23,OK,3
1770672188634,TEXT,23,OK,20
1770672188634,TEXT,23,OK,8
1770672188634,TEXT,23,OK,18
1770672188634,TEXT,22,OK,18
1770672188634,TEXT,22,OK,1
1770672188635,TEXT,22,OK,3
1770672188634,TEXT,23,OK,19
1770672188634,TEXT,22,OK,10
1770672188634,TEXT,25,OK,6
1770672188634,TEXT,25,OK,12
1770672188634,TEXT,25,OK,19
1770672188634,TEXT,25,OK,7
1770672188634,TEXT,25,OK,15
1770672188634,TEXT,25,OK,14
1770672188620,TEXT,39,OK,15
1770672188620,TEXT,39,OK,20
1770672188620,TEXT,39,OK,13
1770672188620,TEXT,39,OK,8
1770672188634,TEXT,25,OK,7
1770672188620,LEAVE,39,OK,14
1770672188620,TEXT,39,OK,14
1770672188620,LEAVE,39,OK,15
1770672188620,TEXT,39,OK,19
1770672188620,TEXT,39,OK,7
1770672188634,JOIN,25,OK,10
1770672188635,TEXT,24,OK,3
1770672188634,TEXT,25,OK,17
1770672188634,JOIN,25,OK,18
1770672188634,TEXT,25,OK,4
1770672188634,TEXT,25,OK,14
1770672188635,TEXT,25,OK,10
1770672188635,TEXT,25,OK,5
1770672188634,TEXT,25,OK,1
1770672188635,TEXT,25,OK,6
1770672188635,TEXT,25,OK,3
1770672188635,TEXT,25,OK,7
1770672188635,TEXT,25,OK,1
1770672188635,TEXT,25,OK,6
1770672188635,TEXT,25,OK,13
1770672188635,TEXT,25,OK,12
1770672188635,TEXT,25,OK,5
1770672188635,TEXT,25,OK,5
1770672188635,TEXT,25,OK,2
1770672188635,LEAVE,25,OK,10
1770672188635,TEXT,25,OK,9
1770672188642,TEXT,22,OK,13
1770672188642,TEXT,22,OK,6
1770672188635,TEXT,29,OK,13
1770672188651,TEXT,21,OK,4
1770672188651,TEXT,21,OK,6
1770672188651,TEXT,21,OK,4
1770672188651,TEXT,21,OK,2
1770672188651,TEXT,21,OK,2
1770672188651,JOIN,21,OK,11
1770672188651,TEXT,21,OK,5
1770672188651,LEAVE,21,OK,2
1770672188656,TEXT,25,OK,5
1770672188656,TEXT,25,OK,16
1770672188656,TEXT,25,OK,11
1770672188656,TEXT,25,OK,8
1770672188655,TEXT,26,OK,11
1770672188656,TEXT,25,OK,12
1770672188656,TEXT,25,OK,20
1770672188656,TEXT,25,OK,20
1770672188656,TEXT,25,OK,15
1770672188656,JOIN,25,OK,1
1770672188656,TEXT,25,OK,18
1770672188656,TEXT,25,OK,16
1770672188657,TEXT,25,OK,16
1770672188657,TEXT,24,OK,9
1770672188657,TEXT,25,OK,1
1770672188657,TEXT,25,OK,17
1770672188657,TEXT,25,OK,16
1770672188657,TEXT,25,OK,2
1770672188657,TEXT,25,OK,17
1770672188657,TEXT,25,OK,7
1770672188657,TEXT,25,OK,9
1770672188657,TEXT,25,OK,4
1770672188657,TEXT,25,OK,3
1770672188657,TEXT,25,OK,12
1770672188657,TEXT,25,OK,8
1770672188657,TEXT,25,OK,11
1770672188656,TEXT,26,OK,16
1770672188657,TEXT,25,OK,9
1770672188656,TEXT,25,OK,13
1770672188651,TEXT,32,OK,11
1770672188651,TEXT,32,OK,15
1770672188651,TEXT,32,OK,14
1770672188651,TEXT,32,OK,4
1770672188652,TEXT,32,OK,19
1770672188652,TEXT,32,OK,17
1770672188651,TEXT,32,OK,10
1770672188652,TEXT,32,OK,18
1770672188652,TEXT,32,OK,17
1770672188652,TEXT,32,OK,12
1770672188652,TEXT,32,OK,19
1770672188652,TEXT,32,OK,20
1770672188657,TEXT,34,OK,1
1770672188657,TEXT,34,OK,9
1770672188659,TEXT,31,OK,15
1770672188657,TEXT,34,OK,18
1770672188660,TEXT,31,OK,14
1770672188657,TEXT,34,OK,20
1770672188657,TEXT,34,OK,3
1770672188657,TEXT,34,OK,8
1770672188657,TEXT,34,OK,8
1770672188657,TEXT,34,OK,18
1770672188657,TEXT,34,OK,10
1770672188659,TEXT,31,OK,7
1770672188657,TEXT,34,OK,3
1770672188659,TEXT,31,OK,12
1770672188659,TEXT,31,OK,6
1770672188659,TEXT,31,OK,19
1770672188657,TEXT,34,OK,19
1770672188660,TEXT,31,OK,7
1770672188660,TEXT,31,OK,10
1770672188660,TEXT,31,OK,3
1770672188660,TEXT,31,OK,3
1770672188660,TEXT,31,OK,13
1770672188660,TEXT,31,OK,2
1770672188660,TEXT,31,OK,19
1770672188660,TEXT,31,OK,17
1770672188660,TEXT,31,OK,4
1770672188660,TEXT,31,OK,5
1770672188660,TEXT,31,OK,18
1770672188660,TEXT,31,OK,14
1770672188660,TEXT,31,OK,10
1770672188660,TEXT,31,OK,7
1770672188660,TEXT,31,OK,1
1770672188660,LEAVE,31,OK,6
1770672188660,TEXT,31,OK,6
1770672188660,JOIN,32,OK,13
1770672188660,TEXT,32,OK,12
1770672188660,TEXT,32,OK,5
1770672188660,TEXT,32,OK,1
1770672188660,TEXT,32,OK,5
1770672188660,LEAVE,32,OK,10
1770672188660,TEXT,33,OK,15
1770672188660,TEXT,33,OK,20
1770672188661,TEXT,32,OK,9
1770672188660,TEXT,32,OK,14
1770672188660,TEXT,32,OK,14
1770672188660,TEXT,33,OK,8
1770672188664,TEXT,28,OK,6
1770672188664,TEXT,28,OK,13
1770672188660,TEXT,32,OK,15
1770672188660,TEXT,32,OK,7
1770672188673,TEXT,22,OK,4
1770672188673,TEXT,22,OK,2
1770672188673,TEXT,22,OK,2
1770672188673,TEXT,22,OK,6
1770672188673,TEXT,23,OK,5
1770672188664,TEXT,31,OK,13
1770672188673,TEXT,29,OK,11
1770672188673,TEXT,29,OK,2
1770672188673,TEXT,30,OK,4
1770672188682,TEXT,31,OK,11
1770672188682,JOIN,31,OK,5
1770672188682,TEXT,31,OK,16
1770672188682,TEXT,31,OK,16
1770672188682,TEXT,32,OK,11
1770672188682,TEXT,32,OK,8
1770672188682,TEXT,31,OK,12
1770672188682,TEXT,31,OK,15
1770672188682,TEXT,32,OK,20
1770672188682,TEXT,32,OK,20
1770672188682,TEXT,31,OK,18
1770672188682,TEXT,32,OK,1
1770672188682,TEXT,31,OK,16
1770672188682,TEXT,31,OK,16
1770672188682,TEXT,32,OK,9
1770672188682,TEXT,31,OK,17
1770672188682,TEXT,32,OK,1
1770672188682,TEXT,31,OK,7
1770672188682,JOIN,31,OK,9
1770672188682,TEXT,31,OK,17
1770672188682,JOIN,32,OK,2
1770672188682,JOIN,31,OK,4
1770672188682,TEXT,32,OK,16
1770672188682,TEXT,31,OK,8
1770672188682,TEXT,32,OK,12
1770672188682,TEXT,31,OK,11
1770672188682,TEXT,32,OK,3
1770672188691,TEXT,31,OK,20
1770672188691,TEXT,31,OK,18
1770672188691,TEXT,31,OK,3
1770672188691,TEXT,31,OK,8
1770672188691,TEXT,31,OK,9
1770672188691,TEXT,31,OK,8
1770672188691,LEAVE,31,OK,18
1770672188691,TEXT,31,OK,10
1770672188691,TEXT,31,OK,6
1770672188691,TEXT,31,OK,15
1770672188691,TEXT,31,OK,7
1770672188691,TEXT,31,OK,12
1770672188691,TEXT,31,OK,3
1770672188691,TEXT,31,OK,19
1770672188691,TEXT,32,OK,1
1770672188691,TEXT,32,OK,14
1770672188696,TEXT,27,OK,4
1770672188682,JOIN,40,OK,9
1770672188682,TEXT,40,OK,13
1770672188691,TEXT,31,OK,7
1770672188696,TEXT,27,OK,2
1770672188696,TEXT,27,OK,6
1770672188691,TEXT,31,OK,19
1770672188696,TEXT,27,OK,2
1770672188691,TEXT,32,OK,10
1770672188692,JOIN,31,OK,17
1770672188684,TEXT,39,OK,11
1770672188692,LEAVE,31,OK,4
1770672188692,LEAVE,31,OK,1
1770672188684,TEXT,39,OK,14
1770672188692,TEXT,31,OK,14
1770672188692,TEXT,31,OK,18
1770672188692,TEXT,31,OK,5
1770672188684,JOIN,39,OK,15
1770672188692,TEXT,31,OK,10
1770672188684,TEXT,39,OK,4
1770672188692,TEXT,31,OK,6
1770672188691,LEAVE,32,OK,3
1770672188684,TEXT,40,OK,19
1770672188684,TEXT,40,OK,17
1770672188684,TEXT,41,OK,10
1770672188684,LEAVE,41,OK,18
1770672188684,TEXT,41,OK,17
1770672188692,TEXT,33,OK,7
1770672188684,TEXT,41,OK,12
1770672188684,TEXT,41,OK,19
1770672188692,TEXT,32,OK,13
1770672188684,TEXT,41,OK,20
1770672188692,TEXT,33,OK,2
1770672188692,TEXT,33,OK,3
1770672188692,TEXT,33,OK,13
1770672188692,TEXT,33,OK,19
1770672188696,TEXT,29,OK,5
1770672188693,TEXT,33,OK,1
1770672188693,TEXT,32,OK,15
1770672188692,TEXT,33,OK,6
1770672188692,TEXT,33,OK,12
1770672188693,TEXT,33,OK,5
1770672188693,TEXT,33,OK,5
1770672188693,TEXT,33,OK,20
1770672188693,TEXT,33,OK,14
1770672188693,TEXT,33,OK,15
1770672188693,TEXT,33,OK,9
1770672188693,TEXT,32,OK,7
1770672188693,JOIN,33,OK,14
1770672188693,TEXT,33,OK,8
1770672188693,TEXT,33,OK,13
1770672188693,TEXT,33,OK,6
1770672188693,TEXT,33,OK,10
1770672188703,TEXT,23,OK,11
1770672188696,TEXT,33,OK,13
1770672188703,TEXT,31,OK,4
1770672188714,TEXT,31,OK,11
1770672188714,TEXT,30,OK,1
1770672188714,TEXT,31,OK,16
1770672188714,JOIN,31,OK,20
1770672188714,TEXT,30,OK,17
1770672188714,TEXT,31,OK,16
1770672188714,TEXT,30,OK,9
1770672188714,TEXT,31,OK,18
1770672188714,TEXT,31,OK,16
1770672188714,TEXT,31,OK,16
1770672188714,TEXT,31,OK,5
1770672188714,TEXT,31,OK,11
1770672188714,TEXT,31,OK,12
1770672188714,TEXT,31,OK,20
1770672188714,JOIN,31,OK,8
1770672188714,LEAVE,31,OK,15
1770672188714,TEXT,31,OK,7
1770672188714,TEXT,31,OK,1
1770672188714,TEXT,31,OK,9
1770672188703,TEXT,42,OK,2
1770672188723,TEXT,29,OK,2
1770672188723,TEXT,29,OK,13
1770672188723,TEXT,29,OK,6
1770672188714,TEXT,38,OK,16
1770672188714,TEXT,38,OK,2
1770672188714,TEXT,39,OK,17
1770672188714,TEXT,38,OK,12
1770672188714,TEXT,39,OK,4
1770672188714,LEAVE,38,OK,3
1770672188723,TEXT,30,OK,20
1770672188723,JOIN,30,OK,9
1770672188714,TEXT,39,OK,8
1770672188723,LEAVE,30,OK,3
1770672188723,TEXT,30,OK,8
1770672188723,TEXT,30,OK,8
1770672188723,TEXT,30,OK,15
1770672188723,TEXT,29,OK,7
1770672188723,TEXT,29,OK,12
1770672188723,TEXT,30,OK,10
1770672188723,JOIN,30,OK,3
1770672188723,TEXT,30,OK,1
1770672188723,TEXT,30,OK,4
1770672188723,TEXT,30,OK,14
1770672188723,LEAVE,30,OK,2
1770672188723,JOIN,30,OK,9
1770672188723,TEXT,31,OK,18
1770672188723,JOIN,30,OK,19
1770672188723,TEXT,31,OK,6
1770672188723,TEXT,30,OK,19
1770672188723,TEXT,31,OK,18
1770672188723,TEXT,30,OK,7
1770672188726,TEXT,28,OK,11
1770672188724,TEXT,30,OK,10
1770672188714,TEXT,40,OK,11
1770672188724,JOIN,30,OK,11
1770672188724,TEXT,30,OK,3
1770672188724,TEXT,30,OK,14
1770672188724,TEXT,30,OK,17
1770672188724,TEXT,30,OK,19
1770672188725,JOIN,29,OK,18
1770672188724,TEXT,30,OK,6
1770672188725,TEXT,29,OK,17
1770672188724,JOIN,30,OK,17
1770672188724,TEXT,30,OK,4
1770672188724,TEXT,30,OK,5
1770672188724,TEXT,30,OK,14
1770672188724,TEXT,30,OK,18
1770672188725,TEXT,29,OK,10
1770672188724,JOIN,30,OK,15
1770672188724,TEXT,30,OK,10
1770672188724,TEXT,31,OK,1
1770672188724,TEXT,30,OK,4
1770672188726,TEXT,29,OK,5
1770672188726,TEXT,29,OK,1
1770672188726,TEXT,29,OK,15
1770672188726,TEXT,28,OK,10
1770672188725,TEXT,29,OK,19
1770672188726,TEXT,29,OK,12
1770672188725,TEXT,29,OK,13
1770672188725,TEXT,29,OK,12
1770672188725,TEXT,30,OK,7
1770672188726,TEXT,30,OK,6
1770672188725,TEXT,30,OK,20
1770672188726,TEXT,30,OK,14
1770672188725,TEXT,30,OK,13
1770672188726,LEAVE,30,OK,5
1770672188726,TEXT,30,OK,5
1770672188725,TEXT,30,OK,3
1770672188726,TEXT,30,OK,20
1770672188725,TEXT,30,OK,2
1770672188726,TEXT,30,OK,15
1770672188725,TEXT,30,OK,19
1770672188726,TEXT,30,OK,9
1770672188726,TEXT,30,OK,7
1770672188726,TEXT,30,OK,6
1770672188726,TEXT,30,OK,13
1770672188726,TEXT,30,OK,8
1770672188726,TEXT,30,OK,14
1770672188734,TEXT,26,OK,4
1770672188730,TEXT,32,OK,13
1770672188745,TEXT,26,OK,11
1770672188745,TEXT,25,OK,11
1770672188745,TEXT,25,OK,20
1770672188745,TEXT,25,OK,12
1770672188745,TEXT,26,OK,1
1770672188745,TEXT,26,OK,20
1770672188745,TEXT,26,OK,17
1770672188745,TEXT,26,OK,18
1770672188745,TEXT,26,OK,16
1770672188745,JOIN,26,OK,16
1770672188745,TEXT,26,OK,9
1770672188745,TEXT,26,OK,16
1770672188745,TEXT,26,OK,16
1770672188745,TEXT,26,OK,5
1770672188745,TEXT,31,OK,15
1770672188745,TEXT,31,OK,2
1770672188745,TEXT,31,OK,7
1770672188745,LEAVE,31,OK,1
1770672188745,TEXT,31,OK,9
1770672188753,TEXT,23,OK,2
1770672188745,TEXT,31,OK,8
1770672188753,TEXT,23,OK,6
1770672188753,TEXT,23,OK,4
1770672188753,TEXT,23,OK,16
1770672188753,JOIN,23,OK,17
1770672188753,TEXT,23,OK,2
1770672188753,TEXT,23,OK,12
1770672188753,TEXT,23,OK,13
1770672188753,TEXT,23,OK,8
1770672188753,TEXT,23,OK,9
1770672188753,TEXT,23,OK,20
1770672188753,TEXT,23,OK,3
1770672188753,TEXT,23,OK,15
1770672188753,TEXT,23,OK,3
1770672188753,TEXT,23,OK,8
1770672188753,TEXT,23,OK,8
1770672188753,TEXT,23,OK,10
1770672188753,TEXT,23,OK,3
1770672188753,TEXT,23,OK,7
1770672188753,TEXT,23,OK,12
1770672188753,TEXT,23,OK,1
1770672188753,TEXT,23,OK,4
1770672188754,TEXT,23,OK,2
1770672188754,TEXT,23,OK,14
1770672188754,LEAVE,23,OK,11
1770672188754,TEXT,23,OK,6
1770672188754,TEXT,23,OK,19
1770672188754,TEXT,23,OK,11
1770672188754,TEXT,23,OK,18
1770672188754,TEXT,23,OK,9
1770672188754,TEXT,23,OK,18
1770672188754,TEXT,23,OK,19
1770672188754,TEXT,23,OK,7
1770672188754,TEXT,25,OK,10
1770672188754,TEXT,25,OK,17
1770672188754,LEAVE,25,OK,19
1770672188754,TEXT,25,OK,11
1770672188754,TEXT,25,OK,14
1770672188754,TEXT,25,OK,3
1770672188761,TEXT,21,OK,4
1770672188755,TEXT,30,OK,4
1770672188755,TEXT,29,OK,5
1770672188754,TEXT,30,OK,17
1770672188755,TEXT,30,OK,14
1770672188755,TEXT,30,OK,18
1770672188755,TEXT,30,OK,5
1770672188755,TEXT,30,OK,1
1770672188755,TEXT,30,OK,15
1770672188755,TEXT,30,OK,10
1770672188755,TEXT,30,OK,10
1770672188754,TEXT,30,OK,6
1770672188755,TEXT,30,OK,4
1770672188755,TEXT,30,OK,1
1770672188754,TEXT,30,OK,17
1770672188754,TEXT,30,OK,18
1770672188756,TEXT,29,OK,7
1770672188755,TEXT,30,OK,10
1770672188755,TEXT,30,OK,12
1770672188755,TEXT,30,OK,19
1770672188755,TEXT,30,OK,13
1770672188756,TEXT,29,OK,6
1770672188755,TEXT,30,OK,12
1770672188756,TEXT,29,OK,20
1770672188756,TEXT,29,OK,5
1770672188756,TEXT,29,OK,5
1770672188756,TEXT,31,OK,2
1770672188756,TEXT,31,OK,14
1770672188756,TEXT,31,OK,20
1770672188756,TEXT,31,OK,3
1770672188756,TEXT,31,OK,15
1770672188756,TEXT,31,OK,13
1770672188756,TEXT,31,OK,9
1770672188756,TEXT,31,OK,19
1770672188756,TEXT,31,OK,6
1770672188756,TEXT,31,OK,8
1770672188755,TEXT,32,OK,15
1770672188756,LEAVE,31,OK,13
1770672188756,TEXT,31,OK,14
1770672188762,TEXT,25,OK,13
1770672188756,TEXT,31,OK,7
1770672188771,TEXT,20,OK,11
1770672188771,TEXT,31,OK,16
1770672188771,JOIN,31,OK,16
1770672188771,TEXT,31,OK,12
1770672188771,TEXT,31,OK,1
1770672188771,TEXT,31,OK,20
1770672188771,TEXT,31,OK,5
1770672188776,TEXT,25,OK,15
1770672188771,TEXT,31,OK,20
1770672188771,TEXT,31,OK,16
1770672188771,TEXT,31,OK,18
1770672188771,JOIN,31,OK,17
1770672188771,TEXT,31,OK,16
1770672188771,TEXT,31,OK,9
1770672188771,TEXT,31,OK,11
1770672188776,TEXT,26,OK,2
1770672188777,TEXT,30,OK,4
1770672188777,TEXT,30,OK,2
1770672188776,TEXT,31,OK,9
1770672188777,TEXT,31,OK,6
1770672188776,TEXT,31,OK,7
1770672188776,TEXT,31,OK,1
1770672188777,TEXT,31,OK,8
1770672188777,TEXT,31,OK,16
1770672188777,TEXT,31,OK,2
1770672188777,TEXT,31,OK,17
1770672188777,TEXT,31,OK,12
1770672188777,TEXT,31,OK,9
1770672188777,TEXT,31,OK,8
1770672188777,TEXT,31,OK,15
1770672188777,TEXT,31,OK,13
1770672188777,TEXT,31,OK,8
1770672188777,JOIN,31,OK,3
1770672188777,TEXT,31,OK,20
1770672188777,TEXT,31,OK,3
1770672188777,TEXT,31,OK,8
1770672188777,TEXT,31,OK,4
1770672188777,TEXT,31,OK,10
1770672188777,TEXT,31,OK,1
1770672188777,TEXT,31,OK,11
1770672188777,TEXT,31,OK,2
1770672188777,TEXT,31,OK,7
1770672188777,TEXT,31,OK,14
1770672188777,TEXT,31,OK,12
1770672188777,TEXT,31,OK,3
1770672188777,TEXT,31,OK,6
1770672188777,TEXT,31,OK,19
1770672188777,JOIN,31,OK,18
1770672188777,TEXT,31,OK,11
1770672188778,LEAVE,31,OK,7
1770672188777,TEXT,31,OK,9
1770672188778,LEAVE,31,OK,19
1770672188783,TEXT,25,OK,4
1770672188777,TEXT,31,OK,18
1770672188779,TEXT,30,OK,17
1770672188780,TEXT,30,OK,19
1770672188785,TEXT,25,OK,5
1770672188780,TEXT,30,OK,11
1770672188785,TEXT,25,OK,4
1770672188785,TEXT,25,OK,17
1770672188785,TEXT,25,OK,14
1770672188785,TEXT,25,OK,18
1770672188785,TEXT,25,OK,5
1770672188780,TEXT,30,OK,14
1770672188780,TEXT,30,OK,3
1770672188785,TEXT,25,OK,15
1770672188785,TEXT,25,OK,10
1770672188779,TEXT,30,OK,10
1770672188785,TEXT,25,OK,4
1770672188785,JOIN,25,OK,6
1770672188785,TEXT,25,OK,10
1770672188785,TEXT,25,OK,1
1770672188785,TEXT,25,OK,17
1770672188785,TEXT,25,OK,18
1770672188785,TEXT,25,OK,1
1770672188785,TEXT,25,OK,19
1770672188785,TEXT,25,OK,12
1770672188785,TEXT,25,OK,7
1770672188785,TEXT,25,OK,10
1770672188785,TEXT,25,OK,13
1770672188792,TEXT,22,OK,11
1770672188785,TEXT,31,OK,20
1770672188787,TEXT,29,OK,2
1770672188787,TEXT,29,OK,3
1770672188785,TEXT,32,OK,12
1770672188787,TEXT,29,OK,13
1770672188787,JOIN,29,OK,9
1770672188785,TEXT,32,OK,5
1770672188787,TEXT,29,OK,14
1770672188785,TEXT,32,OK,5
1770672188787,TEXT,29,OK,15
1770672188787,TEXT,29,OK,19
1770672188787,TEXT,29,OK,8
1770672188785,TEXT,32,OK,6
1770672188787,TEXT,30,OK,20
1770672188788,TEXT,29,OK,13
1770672188787,JOIN,29,OK,13
1770672188787,TEXT,29,OK,6
1770672188788,TEXT,29,OK,14
1770672188787,TEXT,29,OK,15
1770672188788,TEXT,29,OK,7
1770672188802,LEAVE,16,OK,12
1770672188802,TEXT,26,OK,5
1770672188803,TEXT,26,OK,11
1770672188802,TEXT,26,OK,20
1770672188802,TEXT,26,OK,20
1770672188802,TEXT,26,OK,15
1770672188802,TEXT,26,OK,17
1770672188802,TEXT,26,OK,16
1770672188802,TEXT,26,OK,16
1770672188802,TEXT,26,OK,9
1770672188802,TEXT,26,OK,16
1770672188802,LEAVE,26,OK,1
1770672188803,LEAVE,26,OK,2
1770672188802,TEXT,26,OK,18
1770672188802,TEXT,27,OK,16
1770672188808,TEXT,29,OK,8
1770672188809,TEXT,29,OK,4
1770672188808,TEXT,29,OK,13
1770672188807,JOIN,30,OK,2
1770672188810,TEXT,28,OK,11
1770672188810,TEXT,28,OK,10
1770672188810,JOIN,28,OK,17
1770672188810,TEXT,28,OK,4
1770672188810,TEXT,28,OK,14
1770672188809,TEXT,32,OK,9
1770672188808,TEXT,33,OK,9
1770672188808,TEXT,33,OK,6
1770672188808,TEXT,33,OK,1
1770672188809,TEXT,33,OK,14
1770672188808,TEXT,33,OK,16
1770672188808,TEXT,33,OK,2
1770672188809,TEXT,32,OK,11
1770672188808,TEXT,33,OK,7
1770672188808,TEXT,33,OK,17
1770672188807,TEXT,34,OK,4
1770672188808,TEXT,33,OK,12
1770672188808,TEXT,33,OK,20
1770672188809,JOIN,33,OK,3
1770672188808,TEXT,33,OK,3
1770672188808,TEXT,33,OK,8
1770672188809,TEXT,33,OK,8
1770672188808,TEXT,33,OK,9
1770672188809,TEXT,33,OK,11
1770672188809,TEXT,33,OK,19
1770672188808,TEXT,33,OK,8
1770672188809,TEXT,33,OK,18
1770672188809,TEXT,33,OK,7
1770672188809,TEXT,33,OK,1
1770672188809,TEXT,33,OK,3
1770672188809,TEXT,33,OK,10
1770672188809,TEXT,33,OK,6
1770672188809,TEXT,33,OK,2
1770672188809,TEXT,33,OK,19
1770672188808,TEXT,33,OK,15
1770672188809,TEXT,33,OK,18
1770672188809,TEXT,33,OK,4
1770672188809,TEXT,33,OK,12
1770672188809,TEXT,33,OK,7
1770672188810,TEXT,32,OK,6
1770672188810,TEXT,33,OK,4
1770672188810,TEXT,33,OK,3
1770672188810,TEXT,33,OK,1
1770672188810,TEXT,33,OK,19
1770672188810,TEXT,33,OK,17
1770672188810,JOIN,33,OK,10
1770672188810,TEXT,33,OK,18
1770672188810,TEXT,33,OK,17
1770672188810,TEXT,33,OK,14
1770672188810,TEXT,33,OK,5
1770672188810,TEXT,33,OK,18
1770672188810,TEXT,33,OK,10
1770672188810,TEXT,33,OK,5
1770672188810,TEXT,33,OK,15
1770672188819,TEXT,25,OK,12
1770672188814,TEXT,29,OK,11
1770672188817,TEXT,27,OK,20
1770672188817,TEXT,27,OK,5
1770672188817,TEXT,27,OK,2
1770672188817,TEXT,27,OK,3
1770672188817,TEXT,27,OK,9
1770672188817,TEXT,27,OK,13
1770672188817,TEXT,27,OK,12
1770672188817,TEXT,27,OK,15
1770672188817,TEXT,27,OK,14
1770672188817,TEXT,27,OK,19
1770672188810,TEXT,34,OK,7
1770672188810,TEXT,34,OK,19
1770672188810,JOIN,34,OK,12
1770672188817,TEXT,27,OK,5
1770672188817,TEXT,27,OK,20
1770672188817,TEXT,27,OK,6
1770672188810,TEXT,34,OK,13
1770672188817,TEXT,27,OK,15
1770672188810,TEXT,34,OK,1
1770672188810,TEXT,34,OK,10
1770672188817,TEXT,27,OK,8
1770672188817,TEXT,27,OK,6
1770672188817,TEXT,27,OK,13
1770672188817,TEXT,27,OK,14
1770672188817,TEXT,27,OK,13
1770672188817,TEXT,27,OK,7
1770672188829,TEXT,21,OK,5
1770672188829,TEXT,27,OK,15
1770672188829,TEXT,27,OK,17
1770672188829,TEXT,27,OK,20
1770672188829,TEXT,27,OK,20
1770672188829,TEXT,27,OK,9
1770672188829,TEXT,27,OK,16
1770672188829,TEXT,27,OK,16
1770672188829,TEXT,27,OK,16
1770672188829,TEXT,27,OK,11
1770672188829,TEXT,35,OK,16
1770672188838,TEXT,26,OK,8
1770672188838,TEXT,26,OK,4
1770672188838,TEXT,26,OK,13
1770672188829,JOIN,35,OK,1
1770672188842,TEXT,22,OK,9
1770672188829,TEXT,35,OK,18
1770672188838,TEXT,26,OK,2
1770672188842,TEXT,22,OK,1
1770672188842,TEXT,22,OK,9
1770672188842,TEXT,22,OK,6
1770672188842,TEXT,22,OK,16
1770672188842,TEXT,22,OK,7
1770672188842,TEXT,22,OK,11
1770672188842,TEXT,22,OK,2
1770672188842,TEXT,22,OK,4
1770672188842,TEXT,22,OK,17
1770672188842,TEXT,22,OK,12
1770672188842,TEXT,22,OK,20
1770672188829,TEXT,35,OK,2
1770672188842,TEXT,23,OK,14
1770672188839,TEXT,26,OK,11
1770672188839,TEXT,26,OK,17
1770672188839,TEXT,26,OK,10
1770672188839,JOIN,26,OK,4
1770672188839,TEXT,26,OK,14
1770672188844,TEXT,28,OK,11
1770672188842,TEXT,29,OK,15
1770672188842,TEXT,30,OK,1
1770672188842,TEXT,30,OK,3
1770672188842,TEXT,29,OK,18
1770672188842,TEXT,30,OK,8
1770672188842,TEXT,30,OK,8
1770672188842,JOIN,30,OK,3
1770672188842,TEXT,30,OK,3
1770672188842,TEXT,30,OK,18
1770672188842,TEXT,30,OK,10
1770672188844,TEXT,28,OK,12
1770672188842,JOIN,30,OK,2
1770672188842,TEXT,30,OK,4
1770672188842,TEXT,30,OK,11
1770672188842,TEXT,30,OK,9
1770672188842,TEXT,30,OK,19
1770672188842,TEXT,30,OK,7
1770672188842,TEXT,30,OK,8
1770672188844,TEXT,29,OK,5
1770672188842,TEXT,30,OK,6
1770672188842,JOIN,30,OK,12
1770672188844,TEXT,29,OK,14
1770672188842,TEXT,30,OK,19
1770672188844,TEXT,29,OK,3
1770672188844,TEXT,29,OK,19
1770672188844,TEXT,29,OK,17
1770672188845,TEXT,28,OK,20
1770672188845,TEXT,28,OK,3
1770672188845,TEXT,28,OK,2
1770672188842,TEXT,30,OK,7
1770672188843,TEXT,30,OK,6
1770672188844,TEXT,29,OK,17
1770672188844,TEXT,29,OK,18
1770672188845,TEXT,28,OK,7
1770672188845,TEXT,28,OK,12
1770672188845,TEXT,28,OK,5
1770672188845,TEXT,28,OK,15
1770672188845,TEXT,28,OK,9
1770672188844,TEXT,29,OK,18
1770672188844,TEXT,29,OK,5
1770672188844,TEXT,29,OK,10
1770672188844,TEXT,29,OK,15
1770672188845,TEXT,28,OK,1
1770672188845,TEXT,28,OK,15
1770672188844,TEXT,29,OK,10
1770672188844,JOIN,30,OK,4
1770672188844,TEXT,30,OK,1
1770672188845,TEXT,28,OK,12
1770672188845,TEXT,28,OK,19
1770672188845,TEXT,28,OK,10
1770672188845,JOIN,28,OK,13
1770672188845,TEXT,28,OK,6
1770672188845,LEAVE,29,OK,5
1770672188845,TEXT,29,OK,20
1770672188845,TEXT,29,OK,13
1770672188845,JOIN,29,OK,14
1770672188845,TEXT,29,OK,19
1770672188845,JOIN,28,OK,14
1770672188845,TEXT,28,OK,8
1770672188845,JOIN,28,OK,13
1770672188845,TEXT,28,OK,13
1770672188845,TEXT,29,OK,6
1770672188857,TEXT,24,OK,20
1770672188857,TEXT,24,OK,17
1770672188857,TEXT,24,OK,20
1770672188850,TEXT,31,OK,5
1770672188857,TEXT,24,OK,15
1770672188845,TEXT,46,OK,7
1770672188864,TEXT,26,OK,16
1770672188864,TEXT,26,OK,4
1770672188857,TEXT,34,OK,11
1770672188864,TEXT,26,OK,8
1770672188864,TEXT,26,OK,1
1770672188865,TEXT,26,OK,18
1770672188857,JOIN,34,OK,16
1770672188865,TEXT,26,OK,2
1770672188857,TEXT,34,OK,16
1770672188865,TEXT,26,OK,1
1770672188857,TEXT,34,OK,9
1770672188865,JOIN,26,OK,9
1770672188865,TEXT,26,OK,6
1770672188857,JOIN,34,OK,16
1770672188865,TEXT,26,OK,9
1770672188865,TEXT,26,OK,16
1770672188864,TEXT,26,OK,13
1770672188872,TEXT,26,OK,11
1770672188873,TEXT,26,OK,12
1770672188873,TEXT,25,OK,8
1770672188873,TEXT,26,OK,4
1770672188865,TEXT,34,OK,11
1770672188865,TEXT,34,OK,2
1770672188865,TEXT,33,OK,17
1770672188865,TEXT,34,OK,7
1770672188865,TEXT,34,OK,12
1770672188865,TEXT,33,OK,20
1770672188872,TEXT,26,OK,3
1770672188865,TEXT,34,OK,2
1770672188865,TEXT,34,OK,4
1770672188872,TEXT,26,OK,8
1770672188872,TEXT,26,OK,3
1770672188873,TEXT,26,OK,9
1770672188872,TEXT,26,OK,8
1770672188873,TEXT,26,OK,11
1770672188872,TEXT,26,OK,18
1770672188872,TEXT,26,OK,3
1770672188873,LEAVE,26,OK,7
1770672188873,TEXT,26,OK,19
1770672188873,TEXT,26,OK,12
1770672188872,TEXT,26,OK,10
1770672188873,TEXT,26,OK,6
1770672188872,TEXT,26,OK,1
1770672188873,TEXT,26,OK,2
1770672188873,TEXT,26,OK,19
1770672188865,TEXT,34,OK,14
1770672188872,JOIN,27,OK,15
1770672188872,TEXT,27,OK,18
1770672188866,LEAVE,33,OK,17
1770672188866,TEXT,33,OK,10
1770672188873,TEXT,26,OK,7
1770672188865,TEXT,34,OK,11
1770672188866,TEXT,33,OK,4
1770672188874,TEXT,26,OK,1
1770672188873,TEXT,26,OK,14
1770672188866,TEXT,34,OK,14
1770672188874,TEXT,26,OK,18
1770672188873,TEXT,26,OK,5
1770672188874,TEXT,26,OK,5
1770672188874,TEXT,26,OK,15
1770672188874,TEXT,26,OK,10
1770672188873,TEXT,26,OK,3
1770672188873,TEXT,26,OK,6
1770672188873,TEXT,26,OK,17
1770672188873,TEXT,26,OK,19
1770672188873,TEXT,26,OK,18
1770672188874,TEXT,26,OK,10
1770672188873,TEXT,26,OK,17
1770672188873,TEXT,26,OK,7
1770672188873,TEXT,26,OK,12
1770672188873,TEXT,26,OK,20
1770672188873,JOIN,26,OK,5
1770672188873,TEXT,26,OK,2
1770672188873,TEXT,26,OK,15
1770672188873,TEXT,26,OK,3
1770672188873,TEXT,26,OK,9
1770672188874,TEXT,26,OK,4
1770672188874,TEXT,26,OK,15
1770672188874,TEXT,26,OK,1
1770672188874,TEXT,26,OK,12
1770672188874,TEXT,26,OK,19
1770672188874,TEXT,26,OK,10
1770672188874,TEXT,26,OK,13
1770672188874,TEXT,26,OK,6
1770672188874,TEXT,26,OK,5
1770672188874,TEXT,26,OK,14
1770672188874,TEXT,26,OK,20
1770672188874,TEXT,26,OK,13
1770672188874,TEXT,27,OK,8
1770672188874,TEXT,27,OK,13
1770672188874,TEXT,27,OK,6
1770672188874,TEXT,27,OK,19
1770672188874,TEXT,27,OK,13
1770672188874,TEXT,27,OK,14
1770672188881,TEXT,24,OK,17
1770672188881,LEAVE,24,OK,20
1770672188881,TEXT,25,OK,20
1770672188891,JOIN,25,OK,16
1770672188881,TEXT,35,OK,5
1770672188891,TEXT,25,OK,4
1770672188891,TEXT,25,OK,8
1770672188881,TEXT,35,OK,15
1770672188891,TEXT,25,OK,18
1770672188891,TEXT,25,OK,11
1770672188891,TEXT,25,OK,16
1770672188891,TEXT,25,OK,1
1770672188891,TEXT,25,OK,16
1770672188891,TEXT,25,OK,2
1770672188891,TEXT,25,OK,1
1770672188891,TEXT,25,OK,9
1770672188891,TEXT,25,OK,6
1770672188891,TEXT,26,OK,7
1770672188899,TEXT,26,OK,11
1770672188891,TEXT,33,OK,13
1770672188891,TEXT,33,OK,16
1770672188899,TEXT,26,OK,4
1770672188899,TEXT,26,OK,12
1770672188899,TEXT,26,OK,4
1770672188891,TEXT,35,OK,9
1770672188891,TEXT,35,OK,9
1770672188899,TEXT,28,OK,11
1770672188891,TEXT,35,OK,16
1770672188899,TEXT,28,OK,2
1770672188899,TEXT,28,OK,17
1770672188899,TEXT,28,OK,7
1770672188899,TEXT,28,OK,12
1770672188899,TEXT,28,OK,20
1770672188899,TEXT,28,OK,3
1770672188899,LEAVE,28,OK,2
1770672188899,TEXT,28,OK,8
1770672188899,TEXT,28,OK,9
1770672188899,TEXT,28,OK,3
1770672188899,TEXT,28,OK,8
1770672188899,TEXT,28,OK,18
1770672188900,TEXT,27,OK,11
1770672188900,TEXT,27,OK,17
1770672188900,TEXT,27,OK,10
1770672188900,TEXT,27,OK,1
1770672188900,TEXT,27,OK,4
1770672188900,TEXT,27,OK,14
1770672188900,LEAVE,27,OK,14
1770672188900,TEXT,27,OK,18
1770672188899,TEXT,28,OK,3
1770672188900,TEXT,27,OK,5
1770672188899,TEXT,28,OK,11
1770672188900,TEXT,27,OK,5
1770672188900,TEXT,27,OK,10
1770672188900,TEXT,27,OK,15
1770672188899,TEXT,28,OK,7
1770672188900,TEXT,28,OK,6
1770672188899,TEXT,28,OK,12
1770672188900,TEXT,27,OK,4
1770672188899,TEXT,28,OK,1
1770672188900,TEXT,27,OK,1
1770672188900,TEXT,28,OK,3
1770672188900,TEXT,28,OK,19
1770672188900,TEXT,28,OK,17
1770672188900,TEXT,28,OK,10
1770672188900,TEXT,27,OK,10
1770672188899,TEXT,28,OK,19
1770672188900,TEXT,28,OK,18
1770672188899,LEAVE,29,OK,8
1770672188900,TEXT,28,OK,12
1770672188900,TEXT,28,OK,17
1770672188899,TEXT,28,OK,2
1770672188900,TEXT,28,OK,7
1770672188900,TEXT,27,OK,13
1770672188899,TEXT,29,OK,10
1770672188899,TEXT,28,OK,14
1770672188900,TEXT,27,OK,12
1770672188900,TEXT,28,OK,19
1770672188899,TEXT,29,OK,6
1770672188900,JOIN,27,OK,14
1770672188900,TEXT,28,OK,6
1770672188899,TEXT,29,OK,19
1770672188900,TEXT,28,OK,20
1770672188900,TEXT,28,OK,15
1770672188900,TEXT,28,OK,13
1770672188900,JOIN,28,OK,5
1770672188900,LEAVE,28,OK,5
1770672188900,TEXT,28,OK,20
1770672188900,TEXT,29,OK,18
1770672188900,TEXT,28,OK,2
1770672188900,TEXT,28,OK,15
1770672188901,TEXT,27,OK,19
1770672188900,TEXT,28,OK,3
1770672188900,TEXT,28,OK,15
1770672188900,TEXT,29,OK,7
1770672188901,TEXT,27,OK,6
1770672188902,TEXT,27,OK,13
1770672188901,JOIN,27,OK,8
1770672188901,TEXT,27,OK,13
1770672188900,TEXT,28,OK,9
1770672188906,TEXT,26,OK,17
1770672188906,TEXT,26,OK,20
1770672188902,TEXT,32,OK,14
1770672188917,TEXT,26,OK,16
1770672188917,TEXT,26,OK,4
1770672188917,TEXT,26,OK,1
1770672188917,TEXT,26,OK,5
1770672188917,TEXT,26,OK,11
1770672188917,TEXT,26,OK,18
1770672188906,TEXT,37,OK,20
1770672188917,TEXT,26,OK,16
1770672188917,TEXT,26,OK,15
1770672188917,TEXT,26,OK,8
1770672188917,TEXT,26,OK,16
1770672188925,TEXT,26,OK,11
1770672188925,TEXT,27,OK,4
1770672188917,TEXT,35,OK,2
1770672188927,TEXT,25,OK,9
1770672188927,TEXT,25,OK,11
1770672188917,TEXT,35,OK,6
1770672188927,TEXT,25,OK,2
1770672188927,TEXT,25,OK,16
1770672188927,TEXT,25,OK,17
1770672188927,TEXT,25,OK,12
1770672188927,TEXT,25,OK,20
1770672188927,JOIN,25,OK,3
1770672188917,TEXT,36,OK,9
1770672188927,TEXT,25,OK,2
1770672188925,TEXT,28,OK,4
1770672188927,TEXT,25,OK,8
1770672188927,TEXT,25,OK,3
1770672188927,TEXT,25,OK,8
1770672188927,TEXT,25,OK,9
1770672188928,TEXT,25,OK,7
1770672188925,TEXT,28,OK,16
1770672188925,JOIN,28,OK,12
1770672188925,JOIN,28,OK,13
1770672188927,TEXT,26,OK,9
1770672188927,TEXT,26,OK,7
1770672188917,TEXT,36,OK,1
1770672188928,TEXT,26,OK,10
1770672188927,TEXT,26,OK,11
1770672188928,TEXT,26,OK,4
1770672188928,TEXT,26,OK,11
1770672188928,TEXT,26,OK,5
1770672188928,TEXT,26,OK,14
1770672188928,TEXT,26,OK,14
1770672188928,TEXT,25,OK,8
1770672188928,TEXT,26,OK,3
1770672188928,TEXT,26,OK,12
1770672188928,TEXT,25,OK,6
1770672188928,TEXT,26,OK,15
1770672188928,TEXT,25,OK,10
1770672188928,TEXT,25,OK,15
1770672188928,TEXT,26,OK,1
1770672188928,TEXT,25,OK,19
1770672188928,TEXT,26,OK,14
1770672188928,TEXT,26,OK,2
1770672188929,TEXT,25,OK,18
1770672188928,TEXT,26,OK,19
1770672188929,TEXT,25,OK,7
1770672188927,TEXT,27,OK,18
1770672188928,TEXT,26,OK,18
1770672188928,LEAVE,26,OK,20
1770672188927,TEXT,27,OK,17
1770672188928,TEXT,26,OK,10
1770672188928,TEXT,26,OK,5
1770672188928,TEXT,27,OK,1
1770672188928,TEXT,26,OK,4
1770672188928,TEXT,26,OK,6
1770672188928,TEXT,26,OK,3
1770672188928,TEXT,26,OK,1
1770672188928,TEXT,26,OK,19
1770672188928,TEXT,26,OK,17
1770672188928,TEXT,26,OK,10
1770672188928,TEXT,26,OK,18
1770672188928,TEXT,26,OK,17
1770672188928,TEXT,26,OK,10
1770672188928,TEXT,26,OK,7
1770672188928,TEXT,26,OK,12
1770672188928,JOIN,26,OK,12
1770672188928,TEXT,26,OK,19
1770672188928,TEXT,26,OK,13
1770672188929,TEXT,26,OK,5
1770672188929,TEXT,26,OK,5
1770672188929,TEXT,26,OK,20
1770672188929,LEAVE,26,OK,2
1770672188929,TEXT,26,OK,3
1770672188928,TEXT,26,OK,14
1770672188929,TEXT,26,OK,13
1770672188929,TEXT,26,OK,15
1770672188929,TEXT,26,OK,19
1770672188929,TEXT,27,OK,9
1770672188929,JOIN,27,OK,8
1770672188929,TEXT,27,OK,13
1770672188929,TEXT,27,OK,15
1770672188929,TEXT,27,OK,6
1770672188928,TEXT,27,OK,6
1770672188929,TEXT,27,OK,13
1770672188917,TEXT,38,OK,7
1770672188933,TEXT,31,OK,17
1770672188933,TEXT,31,OK,20
1770672188943,TEXT,27,OK,16
1770672188944,TEXT,26,OK,16
1770672188943,LEAVE,27,OK,4
1770672188943,TEXT,27,OK,1
1770672188943,TEXT,27,OK,18
1770672188943,TEXT,27,OK,5
1770672188943,TEXT,27,OK,11
1770672188944,TEXT,27,OK,15
1770672188943,TEXT,27,OK,20
1770672188944,TEXT,27,OK,8
1770672188944,JOIN,27,OK,16
1770672188934,TEXT,36,OK,14
1770672188951,TEXT,26,OK,11
1770672188953,TEXT,38,OK,16
1770672188953,TEXT,39,OK,13
1770672188953,TEXT,39,OK,12
1770672188953,TEXT,39,OK,1
1770672188953,TEXT,40,OK,4
1770672188953,TEXT,40,OK,2
1770672188953,TEXT,40,OK,9
1770672188953,LEAVE,40,OK,6
1770672188953,TEXT,40,OK,11
1770672188953,TEXT,40,OK,16
1770672188953,TEXT,41,OK,17
1770672188953,TEXT,41,OK,2
1770672188953,TEXT,41,OK,12
1770672188953,TEXT,41,OK,9
1770672188953,TEXT,41,OK,7
1770672188953,TEXT,41,OK,20
1770672188953,TEXT,41,OK,4
1770672188953,TEXT,41,OK,2
1770672188953,TEXT,41,OK,8
1770672188953,TEXT,42,OK,3
1770672188953,TEXT,42,OK,3
1770672188953,TEXT,42,OK,9
1770672188954,JOIN,41,OK,11
1770672188953,LEAVE,42,OK,8
1770672188954,TEXT,41,OK,8
1770672188954,TEXT,41,OK,3
1770672188954,JOIN,41,OK,12
1770672188954,TEXT,41,OK,6
1770672188954,TEXT,41,OK,15
1770672188953,TEXT,42,OK,9
1770672188953,TEXT,42,OK,7
1770672188954,TEXT,41,OK,10
1770672188954,TEXT,41,OK,4
1770672188954,TEXT,41,OK,11
1770672188954,TEXT,41,OK,5
1770672188954,TEXT,41,OK,14
1770672188954,TEXT,41,OK,14
1770672188954,TEXT,41,OK,19
1770672188955,TEXT,41,OK,18
1770672188954,TEXT,41,OK,1
1770672188954,TEXT,41,OK,10
1770672188954,JOIN,41,OK,19
1770672188954,TEXT,41,OK,2
1770672188954,TEXT,41,OK,14
1770672188954,TEXT,41,OK,18
1770672188954,TEXT,41,OK,7
1770672188955,JOIN,41,OK,18
1770672188955,TEXT,41,OK,17
1770672188954,TEXT,42,OK,15
1770672188955,TEXT,41,OK,5
1770672188955,TEXT,41,OK,10
1770672188955,TEXT,41,OK,1
1770672188955,TEXT,41,OK,6
1770672188955,TEXT,41,OK,4
1770672188955,TEXT,41,OK,3
1770672188955,JOIN,41,OK,1
1770672188955,TEXT,41,OK,17
1770672188955,TEXT,41,OK,10
1770672188956,LEAVE,40,OK,15
1770672188955,TEXT,41,OK,10
1770672188955,TEXT,41,OK,18
1770672188955,TEXT,41,OK,17
1770672188955,TEXT,41,OK,7
1770672188955,TEXT,41,OK,12
1770672188955,TEXT,41,OK,12
1770672188955,TEXT,41,OK,19
1770672188955,TEXT,41,OK,13
1770672188956,TEXT,40,OK,6
1770672188955,TEXT,42,OK,20
1770672188955,TEXT,41,OK,5
1770672188955,TEXT,41,OK,14
1770672188955,TEXT,42,OK,5
1770672188955,TEXT,41,OK,2
1770672188955,TEXT,42,OK,20
1770672188955,TEXT,42,OK,3
1770672188956,TEXT,41,OK,9
1770672188955,TEXT,42,OK,13
1770672188955,TEXT,42,OK,15
1770672188955,TEXT,42,OK,19
1770672188956,TEXT,41,OK,8
1770672188956,TEXT,41,OK,6
1770672188956,TEXT,41,OK,13
1770672188955,TEXT,41,OK,19
1770672188970,TEXT,29,OK,16
1770672188971,TEXT,29,OK,16
1770672188964,TEXT,35,OK,17
1770672188971,TEXT,29,OK,4
1770672188964,TEXT,35,OK,20
1770672188971,TEXT,29,OK,1
1770672188971,TEXT,29,OK,18
1770672188971,TEXT,29,OK,5
1770672188971,TEXT,29,OK,8
1770672188971,TEXT,29,OK,11
1770672188971,TEXT,29,OK,15
1770672188971,TEXT,29,OK,20
1770672188971,TEXT,29,OK,16
1770672188971,TEXT,28,OK,14
1770672188956,TEXT,43,OK,13
1770672188956,TEXT,43,OK,7
1770672188978,TEXT,27,OK,11
1770672188992,LEAVE,19,OK,16
1770672188993,TEXT,18,OK,12
1770672188993,TEXT,18,OK,1
1770672188992,LEAVE,19,OK,13
1770672188993,TEXT,27,OK,2
1770672188993,TEXT,27,OK,4
1770672188993,TEXT,27,OK,6
1770672188993,TEXT,27,OK,9
1770672188994,TEXT,27,OK,11
1770672188994,LEAVE,27,OK,16
1770672188994,TEXT,27,OK,2
1770672188994,TEXT,27,OK,17
1770672188994,TEXT,26,OK,7
1770672188994,TEXT,27,OK,12
1770672188995,TEXT,26,OK,20
1770672188994,TEXT,26,OK,9
1770672188995,TEXT,26,OK,3
1770672188995,TEXT,26,OK,4
1770672188995,TEXT,26,OK,2
1770672188995,JOIN,26,OK,8
1770672188995,TEXT,26,OK,3
1770672188995,TEXT,26,OK,8
1770672188995,TEXT,26,OK,9
1770672188995,TEXT,26,OK,8
1770672188995,LEAVE,26,OK,11
1770672188995,LEAVE,26,OK,3
1770672189000,TEXT,30,OK,16
1770672189000,TEXT,30,OK,20
1770672189000,TEXT,30,OK,18
1770672189000,TEXT,30,OK,20
1770672189000,TEXT,30,OK,16
1770672189000,TEXT,30,OK,17
1770672188996,JOIN,34,OK,18
1770672188996,TEXT,34,OK,19
1770672188996,TEXT,34,OK,7
1770672188995,TEXT,34,OK,12
1770672188996,JOIN,34,OK,1
1770672188995,TEXT,35,OK,6
1770672188996,TEXT,34,OK,10
1770672188996,TEXT,34,OK,2
1770672188996,TEXT,34,OK,19
1770672188996,TEXT,34,OK,14
1770672188996,TEXT,36,OK,18
1770672189000,TEXT,32,OK,5
1770672188996,TEXT,36,OK,7
1770672188996,LEAVE,37,OK,11
1770672189000,TEXT,33,OK,8
1770672189000,TEXT,33,OK,11
1770672189000,TEXT,33,OK,4
1770672188996,TEXT,36,OK,17
1770672188996,TEXT,37,OK,10
1770672189000,TEXT,33,OK,15
1770672188996,JOIN,36,OK,1
1770672188996,TEXT,37,OK,4
1770672189000,TEXT,33,OK,1
1770672188996,TEXT,37,OK,5
1770672188996,TEXT,37,OK,9
1770672188996,TEXT,37,OK,14
1770672188996,TEXT,37,OK,14
1770672189000,LEAVE,33,OK,16
1770672188996,TEXT,37,OK,18
1770672188996,TEXT,37,OK,5
1770672188996,TEXT,37,OK,15
1770672188996,TEXT,37,OK,6
1770672188997,TEXT,37,OK,4
1770672188997,TEXT,37,OK,3
1770672188997,TEXT,38,OK,1
1770672188997,TEXT,38,OK,10
1770672189000,TEXT,35,OK,19
1770672188997,TEXT,38,OK,18
1770672188997,TEXT,38,OK,12
1770672188997,TEXT,38,OK,17
1770672188996,TEXT,39,OK,15
1770672188997,LEAVE,38,OK,17
1770672188997,TEXT,38,OK,12
1770672188997,TEXT,38,OK,7
1770672188997,TEXT,38,OK,13
1770672188997,TEXT,38,OK,19
1770672188997,TEXT,38,OK,20
1770672188997,TEXT,38,OK,14
1770672188997,TEXT,38,OK,6
1770672188997,TEXT,38,OK,5
1770672188998,TEXT,37,OK,13
1770672188997,TEXT,37,OK,3
1770672188997,TEXT,38,OK,5
1770672188997,TEXT,37,OK,20
1770672188998,TEXT,37,OK,15
1770672188997,JOIN,38,OK,2
1770672188998,TEXT,37,OK,19
1770672188998,TEXT,37,OK,9
1770672188998,TEXT,37,OK,8
1770672188998,TEXT,37,OK,6
1770672188998,TEXT,37,OK,13
1770672188997,TEXT,38,OK,10
1770672188997,TEXT,38,OK,15
1770672189000,TEXT,35,OK,13
1770672189000,TEXT,35,OK,14
1770672188996,TEXT,39,OK,10
1770672189000,TEXT,35,OK,7
1770672189006,TEXT,31,OK,11
1770672189011,TEXT,25,OK,16
1770672189011,TEXT,25,OK,12
1770672189011,TEXT,35,OK,1
1770672189021,JOIN,26,OK,2
1770672189021,LEAVE,26,OK,4
1770672189011,LEAVE,35,OK,13
1770672189021,TEXT,30,OK,9
1770672189021,LEAVE,30,OK,7
1770672189021,TEXT,30,OK,2
1770672189021,TEXT,30,OK,16
1770672189021,TEXT,30,OK,17
1770672189021,TEXT,30,OK,6
1770672189021,TEXT,30,OK,11
1770672189030,TEXT,22,OK,20
1770672189030,TEXT,21,OK,16
1770672189030,LEAVE,21,OK,17
1770672189030,TEXT,22,OK,18
1770672189030,TEXT,22,OK,20
1770672189021,TEXT,30,OK,9
1770672189021,JOIN,31,OK,12
1770672189021,TEXT,30,OK,4
1770672189021,TEXT,31,OK,3
1770672189022,TEXT,30,OK,3
1770672189022,TEXT,30,OK,11
1770672189022,TEXT,30,OK,8
1770672189022,TEXT,30,OK,9
1770672189021,TEXT,31,OK,20
1770672189022,JOIN,31,OK,8
1770672189021,TEXT,31,OK,2
1770672189030,TEXT,22,OK,16
1770672189022,TEXT,31,OK,3
1770672189021,TEXT,31,OK,8
1770672189030,TEXT,23,OK,19
1770672189030,TEXT,23,OK,18
1770672189030,TEXT,23,OK,7
1770672189035,TEXT,26,OK,15
1770672189031,TEXT,30,OK,2
1770672189033,TEXT,28,OK,18
1770672189037,TEXT,24,OK,11
1770672189031,TEXT,30,OK,14
1770672189033,TEXT,28,OK,5
1770672189033,TEXT,28,OK,8
1770672189033,TEXT,28,OK,4
1770672189033,TEXT,28,OK,11
1770672189033,TEXT,28,OK,15
1770672189031,TEXT,31,OK,6
1770672189033,TEXT,28,OK,16
1770672189033,LEAVE,28,OK,1
1770672189030,TEXT,31,OK,12
1770672189031,TEXT,31,OK,10
1770672189033,TEXT,29,OK,10
1770672189030,TEXT,31,OK,1
1770672189033,TEXT,28,OK,5
1770672189031,TEXT,31,OK,19
1770672189037,TEXT,25,OK,16
1770672189034,TEXT,28,OK,3
1770672189037,JOIN,25,OK,12
1770672189035,TEXT,27,OK,19
1770672189033,TEXT,29,OK,9
1770672189035,TEXT,27,OK,20
1770672189033,JOIN,29,OK,7
1770672189035,TEXT,27,OK,3
1770672189035,TEXT,27,OK,13
1770672189033,TEXT,29,OK,11
1770672189033,TEXT,29,OK,17
1770672189033,TEXT,30,OK,1
1770672189033,TEXT,30,OK,4
1770672189033,TEXT,30,OK,14
1770672189033,TEXT,30,OK,18
1770672189033,TEXT,30,OK,14
1770672189034,TEXT,29,OK,15
1770672189034,TEXT,29,OK,5
1770672189034,TEXT,29,OK,6
1770672189034,TEXT,29,OK,4
1770672189036,TEXT,28,OK,15
1770672189035,TEXT,28,OK,17
1770672189035,TEXT,29,OK,1
1770672189036,TEXT,28,OK,10
1770672189035,TEXT,29,OK,10
1770672189035,TEXT,29,OK,18
1770672189035,TEXT,29,OK,7
1770672189035,TEXT,29,OK,12
1770672189035,LEAVE,29,OK,17
1770672189035,TEXT,29,OK,12
1770672189035,TEXT,29,OK,6
1770672189035,TEXT,29,OK,13
1770672189035,TEXT,29,OK,19
1770672189035,TEXT,29,OK,5
1770672189035,TEXT,29,OK,14
1770672189035,TEXT,29,OK,20
1770672189035,TEXT,29,OK,5
1770672189035,TEXT,29,OK,2
1770672189035,LEAVE,29,OK,15
1770672189035,TEXT,29,OK,9
1770672189035,TEXT,29,OK,19
1770672189036,TEXT,28,OK,14
1770672189036,TEXT,29,OK,13
1770672189035,TEXT,29,OK,8
1770672189035,TEXT,29,OK,13
1770672189035,TEXT,29,OK,6
1770672189036,TEXT,29,OK,7
1770672189036,LEAVE,29,OK,10
1770672189047,TEXT,20,OK,2
1770672189052,TEXT,26,OK,16
1770672189052,TEXT,27,OK,20
1770672189047,TEXT,31,OK,13
1770672189047,LEAVE,31,OK,4
1770672189052,TEXT,27,OK,18
1770672189047,TEXT,32,OK,1
1770672189052,TEXT,27,OK,17
1770672189052,TEXT,27,OK,9
1770672189052,TEXT,27,OK,6
1770672189052,TEXT,27,OK,11
1770672189052,TEXT,27,OK,16
1770672189052,TEXT,27,OK,17
1770672189052,TEXT,27,OK,4
1770672189052,TEXT,27,OK,8
1770672189052,TEXT,27,OK,3
1770672189052,LEAVE,27,OK,2
1770672189052,JOIN,27,OK,20
1770672189052,TEXT,27,OK,12
1770672189052,TEXT,28,OK,7
1770672189052,LEAVE,27,OK,3
1770672189053,TEXT,27,OK,9
1770672189052,TEXT,27,OK,9
1770672189052,TEXT,27,OK,11
1770672189053,LEAVE,30,OK,16
1770672189053,TEXT,31,OK,8
1770672189053,TEXT,31,OK,2
1770672189053,TEXT,31,OK,20
1770672189053,TEXT,30,OK,8
1770672189062,TEXT,31,OK,11
1770672189062,TEXT,31,OK,5
1770672189062,TEXT,31,OK,8
1770672189062,TEXT,31,OK,11
1770672189062,TEXT,31,OK,16
1770672189062,TEXT,32,OK,4
1770672189062,TEXT,31,OK,12
1770672189062,TEXT,32,OK,15
1770672189062,TEXT,32,OK,16
1770672189068,TEXT,27,OK,2
1770672189062,TEXT,33,OK,1
1770672189054,TEXT,41,OK,18
1770672189053,TEXT,41,OK,19
1770672189054,TEXT,41,OK,7
1770672189062,TEXT,33,OK,12
1770672189053,TEXT,41,OK,3
1770672189062,TEXT,33,OK,10
1770672189062,TEXT,32,OK,1
1770672189062,TEXT,33,OK,6
1770672189061,TEXT,33,OK,2
1770672189062,TEXT,33,OK,14
1770672189063,TEXT,32,OK,11
1770672189061,JOIN,33,OK,15
1770672189063,TEXT,32,OK,17
1770672189062,TEXT,33,OK,10
1770672189064,TEXT,31,OK,1
1770672189062,TEXT,32,OK,19
1770672189061,TEXT,33,OK,18
1770672189064,TEXT,31,OK,4
1770672189064,TEXT,31,OK,18
1770672189062,TEXT,32,OK,9
1770672189064,TEXT,31,OK,14
1770672189063,JOIN,32,OK,7
1770672189064,LEAVE,31,OK,14
1770672189062,TEXT,33,OK,5
1770672189064,LEAVE,31,OK,5
1770672189064,TEXT,31,OK,15
1770672189065,TEXT,30,OK,10
1770672189064,TEXT,31,OK,6
1770672189064,TEXT,31,OK,4
1770672189062,TEXT,33,OK,3
1770672189064,TEXT,31,OK,1
1770672189062,TEXT,33,OK,19
1770672189064,TEXT,31,OK,17
1770672189064,TEXT,31,OK,10
1770672189064,TEXT,32,OK,18
1770672189064,TEXT,32,OK,10
1770672189064,TEXT,32,OK,12
1770672189064,TEXT,32,OK,17
1770672189064,LEAVE,32,OK,13
1770672189064,TEXT,32,OK,7
1770672189064,TEXT,32,OK,12
1770672189064,TEXT,32,OK,19
1770672189064,TEXT,32,OK,6
1770672189063,LEAVE,34,OK,20
1770672189064,JOIN,32,OK,14
1770672189064,TEXT,32,OK,5
1770672189063,TEXT,34,OK,13
1770672189064,TEXT,32,OK,5
1770672189063,JOIN,34,OK,3
1770672189064,TEXT,32,OK,2
1770672189064,TEXT,33,OK,20
1770672189065,TEXT,33,OK,19
1770672189065,TEXT,35,OK,14
1770672189064,TEXT,36,OK,15
1770672189065,TEXT,35,OK,15
1770672189065,TEXT,35,OK,9
1770672189065,TEXT,35,OK,6
1770672189065,TEXT,35,OK,13
1770672189065,TEXT,35,OK,13
1770672189065,JOIN,35,OK,8
1770672189065,TEXT,35,OK,7
1770672189079,TEXT,33,OK,20
1770672189079,LEAVE,33,OK,13
1770672189079,TEXT,33,OK,16
1770672189079,TEXT,33,OK,4
1770672189093,TEXT,27,OK,11
1770672189084,TEXT,36,OK,16
1770672189093,TEXT,27,OK,5
1770672189094,TEXT,26,OK,11
1770672189094,TEXT,26,OK,16
1770672189094,TEXT,26,OK,4
1770672189094,TEXT,26,OK,8
1770672189094,TEXT,26,OK,12
1770672189080,TEXT,40,OK,20
1770672189094,TEXT,26,OK,15
1770672189095,TEXT,25,OK,1
1770672189079,TEXT,40,OK,18
1770672189094,TEXT,26,OK,16
1770672189079,TEXT,40,OK,1
1770672189095,TEXT,25,OK,2
1770672189079,TEXT,40,OK,17
1770672189079,JOIN,40,OK,9
1770672189079,JOIN,40,OK,6
1770672189080,LEAVE,40,OK,16
1770672189080,TEXT,40,OK,7
1770672189080,TEXT,40,OK,2
1770672189079,TEXT,41,OK,11
1770672189080,TEXT,40,OK,17
1770672189080,TEXT,40,OK,9
1770672189080,TEXT,40,OK,12
1770672189084,LEAVE,36,OK,20
1770672189080,TEXT,41,OK,4
1770672189080,TEXT,40,OK,3
1770672189084,TEXT,36,OK,2
1770672189080,TEXT,40,OK,11
1770672189084,TEXT,36,OK,8
1770672189080,TEXT,41,OK,3
1770672189084,JOIN,36,OK,8
1770672189080,TEXT,40,OK,9
1770672189080,TEXT,41,OK,8
1770672189095,TEXT,34,OK,18
1770672189095,LEAVE,34,OK,3
1770672189095,TEXT,34,OK,7
1770672189095,TEXT,34,OK,12
1770672189095,TEXT,35,OK,10
1770672189095,TEXT,35,OK,1
1770672189095,TEXT,35,OK,6
1770672189095,TEXT,35,OK,14
1770672189095,TEXT,35,OK,19
1770672189095,TEXT,35,OK,15
1770672189095,TEXT,35,OK,2
1770672189095,TEXT,35,OK,9
1770672189095,TEXT,35,OK,18
1770672189095,TEXT,35,OK,7
1770672189095,TEXT,36,OK,19
1770672189095,TEXT,35,OK,10
1770672189095,TEXT,35,OK,17
1770672189095,TEXT,35,OK,11
1770672189095,TEXT,35,OK,4
1770672189095,JOIN,35,OK,5
1770672189095,TEXT,35,OK,14
1770672189095,TEXT,35,OK,18
1770672189095,TEXT,35,OK,14
1770672189095,TEXT,36,OK,1
1770672189095,TEXT,35,OK,5
1770672189095,JOIN,35,OK,15
1770672189095,TEXT,35,OK,10
1770672189095,TEXT,35,OK,6
1770672189095,TEXT,35,OK,4
1770672189095,TEXT,35,OK,3
1770672189096,TEXT,35,OK,1
1770672189096,TEXT,35,OK,19
1770672189097,TEXT,34,OK,10
1770672189096,TEXT,35,OK,17
1770672189096,TEXT,35,OK,18
1770672189096,TEXT,35,OK,10
1770672189097,TEXT,34,OK,17
1770672189097,TEXT,34,OK,7
1770672189097,TEXT,34,OK,12
1770672189097,TEXT,34,OK,19
1770672189097,TEXT,34,OK,12
1770672189097,TEXT,34,OK,6
1770672189097,TEXT,34,OK,13
1770672189097,TEXT,34,OK,5
1770672189097,JOIN,34,OK,5
1770672189097,TEXT,34,OK,20
1770672189097,TEXT,34,OK,14
1770672189098,TEXT,34,OK,20
1770672189097,TEXT,34,OK,13
1770672189098,JOIN,34,OK,2
1770672189097,TEXT,34,OK,3
1770672189100,TEXT,31,OK,15
1770672189098,TEXT,34,OK,19
1770672189100,TEXT,31,OK,9
1770672189100,LEAVE,32,OK,14
1770672189100,TEXT,31,OK,8
1770672189100,TEXT,31,OK,13
1770672189100,TEXT,31,OK,13
1770672189100,TEXT,32,OK,6
1770672189100,TEXT,32,OK,15
1770672189112,TEXT,23,OK,20
1770672189112,TEXT,23,OK,16
1770672189112,LEAVE,23,OK,13
1770672189100,TEXT,37,OK,7
1770672189120,TEXT,29,OK,11
1770672189120,TEXT,29,OK,16
1770672189120,TEXT,29,OK,16
1770672189120,TEXT,29,OK,4
1770672189120,TEXT,28,OK,1
1770672189112,TEXT,36,OK,4
1770672189120,JOIN,29,OK,18
1770672189120,TEXT,28,OK,2
1770672189120,LEAVE,28,OK,6
1770672189120,TEXT,29,OK,5
1770672189120,TEXT,29,OK,11
1770672189120,TEXT,28,OK,16
1770672189121,TEXT,28,OK,17
1770672189120,TEXT,29,OK,12
1770672189120,TEXT,29,OK,8
1770672189120,TEXT,29,OK,20
1770672189120,TEXT,29,OK,15
1770672189120,TEXT,29,OK,16
1770672189120,TEXT,29,OK,17
1770672189120,TEXT,29,OK,7
1770672189120,TEXT,29,OK,1
1770672189120,TEXT,29,OK,9
1770672189120,TEXT,33,OK,2
1770672189121,TEXT,33,OK,11
1770672189121,TEXT,33,OK,9
1770672189121,TEXT,33,OK,4
1770672189121,TEXT,33,OK,12
1770672189121,TEXT,33,OK,20
1770672189121,TEXT,33,OK,3
1770672189121,TEXT,33,OK,2
1770672189121,TEXT,33,OK,8
1770672189121,TEXT,33,OK,3
1770672189121,TEXT,33,OK,11
1770672189121,TEXT,33,OK,9
1770672189121,TEXT,33,OK,8
1770672189130,TEXT,24,OK,18
1770672189121,TEXT,34,OK,8
1770672189130,JOIN,24,OK,10
1770672189130,TEXT,25,OK,3
1770672189130,TEXT,25,OK,6
1770672189130,TEXT,25,OK,7
1770672189130,TEXT,25,OK,12
1770672189130,TEXT,25,OK,1
1770672189130,TEXT,25,OK,15
1770672189130,TEXT,25,OK,19
1770672189130,TEXT,25,OK,14
1770672189131,TEXT,24,OK,18
1770672189131,TEXT,25,OK,9
1770672189131,TEXT,25,OK,19
1770672189131,TEXT,25,OK,7
1770672189131,TEXT,25,OK,2
1770672189131,TEXT,24,OK,5
1770672189131,TEXT,25,OK,10
1770672189131,TEXT,24,OK,14
1770672189131,LEAVE,25,OK,11
1770672189131,TEXT,25,OK,17
1770672189131,TEXT,25,OK,4
1770672189131,LEAVE,25,OK,18
1770672189131,TEXT,25,OK,5
1770672189131,TEXT,25,OK,15
1770672189131,TEXT,25,OK,10
1770672189131,TEXT,25,OK,1
1770672189131,TEXT,25,OK,4
1770672189131,TEXT,25,OK,6
1770672189131,TEXT,25,OK,1
1770672189131,TEXT,25,OK,3
1770672189131,TEXT,25,OK,19
1770672189132,TEXT,25,OK,10
1770672189132,TEXT,25,OK,17
1770672189132,TEXT,25,OK,10
1770672189132,TEXT,25,OK,18
1770672189132,LEAVE,25,OK,17
1770672189132,TEXT,25,OK,7
1770672189132,TEXT,25,OK,12
1770672189131,TEXT,25,OK,14
1770672189136,TEXT,23,OK,16
1770672189136,TEXT,23,OK,13
1770672189136,TEXT,23,OK,20
1770672189132,TEXT,31,OK,20
1770672189132,TEXT,31,OK,5
1770672189132,TEXT,31,OK,20
1770672189132,TEXT,31,OK,3
1770672189132,TEXT,31,OK,2
1770672189132,TEXT,31,OK,13
1770672189132,TEXT,31,OK,15
1770672189132,TEXT,32,OK,14
1770672189132,TEXT,31,OK,19
1770672189132,TEXT,32,OK,9
1770672189132,TEXT,32,OK,14
1770672189132,TEXT,32,OK,19
1770672189132,JOIN,32,OK,12
1770672189132,TEXT,32,OK,13
1770672189132,TEXT,32,OK,6
1770672189132,TEXT,32,OK,5
1770672189132,TEXT,32,OK,6
1770672189132,TEXT,32,OK,8
1770672189132,TEXT,32,OK,13
1770672189132,TEXT,32,OK,13
1770672189132,TEXT,32,OK,15
1770672189138,TEXT,26,OK,7
1770672189149,TEXT,15,OK,16
1770672189149,TEXT,25,OK,11
1770672189149,TEXT,25,OK,5
1770672189149,TEXT,25,OK,11
1770672189149,TEXT,25,OK,8
1770672189149,TEXT,25,OK,16
1770672189149,TEXT,25,OK,4
1770672189149,TEXT,25,OK,12
1770672189149,TEXT,25,OK,20
1770672189149,TEXT,25,OK,1
1770672189149,TEXT,25,OK,18
1770672189149,TEXT,25,OK,2
1770672189149,TEXT,25,OK,4
1770672189149,TEXT,25,OK,6
1770672189149,TEXT,25,OK,16
1770672189149,TEXT,25,OK,17
1770672189149,TEXT,34,OK,15
1770672189149,TEXT,34,OK,16
1770672189150,TEXT,34,OK,9
1770672189149,TEXT,34,OK,17
1770672189154,TEXT,29,OK,11
1770672189154,TEXT,30,OK,2
1770672189154,TEXT,30,OK,12
1770672189154,TEXT,30,OK,9
1770672189154,TEXT,30,OK,4
1770672189154,TEXT,30,OK,3
1770672189154,TEXT,30,OK,20
1770672189154,TEXT,30,OK,3
1770672189154,TEXT,30,OK,2
1770672189155,TEXT,30,OK,8
1770672189155,TEXT,30,OK,9
1770672189156,TEXT,29,OK,15
1770672189155,TEXT,29,OK,10
1770672189156,LEAVE,29,OK,1
1770672189156,TEXT,28,OK,2
1770672189156,TEXT,29,OK,14
1770672189155,TEXT,29,OK,3
1770672189156,TEXT,28,OK,9
1770672189156,TEXT,29,OK,18
1770672189149,TEXT,35,OK,7
1770672189154,TEXT,30,OK,8
1770672189150,TEXT,35,OK,1
1770672189154,TEXT,30,OK,11
1770672189155,TEXT,30,OK,8
1770672189156,TEXT,29,OK,19
1770672189155,TEXT,30,OK,18
1770672189155,TEXT,29,OK,6
1770672189156,TEXT,29,OK,7
1770672189156,TEXT,29,OK,19
1770672189156,TEXT,29,OK,12
1770672189156,TEXT,29,OK,7
1770672189157,TEXT,28,OK,4
1770672189156,TEXT,29,OK,10
1770672189157,TEXT,28,OK,11
1770672189156,TEXT,29,OK,5
1770672189156,TEXT,29,OK,14
1770672189157,TEXT,28,OK,15
1770672189157,TEXT,28,OK,10
1770672189157,TEXT,28,OK,6
1770672189157,TEXT,28,OK,4
1770672189157,TEXT,28,OK,19
1770672189157,TEXT,28,OK,10
1770672189157,TEXT,28,OK,1
1770672189157,TEXT,28,OK,17
1770672189157,TEXT,28,OK,5
1770672189157,TEXT,28,OK,18
1770672189157,TEXT,28,OK,1
1770672189159,TEXT,27,OK,16
1770672189159,TEXT,27,OK,13
1770672189159,TEXT,27,OK,20
1770672189157,TEXT,33,OK,17
1770672189157,TEXT,33,OK,12
1770672189157,TEXT,33,OK,18
1770672189157,TEXT,33,OK,17
1770672189157,TEXT,33,OK,7
1770672189157,TEXT,33,OK,10
1770672189157,TEXT,33,OK,14
1770672189157,TEXT,33,OK,3
1770672189164,LEAVE,27,OK,2
1770672189164,TEXT,27,OK,13
1770672189164,LEAVE,29,OK,19
1770672189164,TEXT,30,OK,20
1770672189164,TEXT,31,OK,14
1770672189164,TEXT,31,OK,19
1770672189164,TEXT,32,OK,5
1770672189164,TEXT,32,OK,20
1770672189164,TEXT,33,OK,3
1770672189164,TEXT,33,OK,15
1770672189164,TEXT,34,OK,9
1770672189164,TEXT,34,OK,14
1770672189164,LEAVE,34,OK,12
1770672189164,TEXT,34,OK,6
1770672189164,TEXT,34,OK,5
1770672189164,TEXT,34,OK,13
1770672189164,TEXT,34,OK,8
1770672189164,TEXT,34,OK,13
1770672189164,TEXT,34,OK,6
1770672189165,TEXT,34,OK,16
1770672189174,TEXT,24,OK,11
1770672189175,TEXT,24,OK,2
1770672189175,TEXT,24,OK,4
1770672189175,TEXT,24,OK,17
1770672189174,TEXT,24,OK,5
1770672189174,TEXT,24,OK,16
1770672189174,TEXT,24,OK,11
1770672189174,TEXT,24,OK,4
1770672189174,TEXT,24,OK,8
1770672189174,TEXT,24,OK,20
1770672189174,TEXT,24,OK,1
1770672189174,TEXT,24,OK,12
1770672189175,TEXT,24,OK,18
1770672189175,TEXT,24,OK,6
1770672189175,TEXT,24,OK,16
1770672189164,JOIN,34,OK,13
1770672189164,JOIN,34,OK,15
1770672189165,TEXT,34,OK,7
1770672189184,TEXT,21,OK,15
1770672189184,TEXT,21,OK,17
1770672189184,TEXT,21,OK,9
1770672189184,TEXT,21,OK,16
1770672189187,TEXT,27,OK,16
1770672189184,TEXT,31,OK,11
1770672189185,TEXT,30,OK,1
1770672189184,TEXT,30,OK,2
1770672189185,TEXT,30,OK,7
1770672189184,TEXT,30,OK,12
1770672189185,TEXT,30,OK,20
1770672189185,TEXT,30,OK,3
1770672189185,TEXT,30,OK,9
1770672189185,TEXT,30,OK,4
1770672189185,TEXT,30,OK,8
1770672189185,TEXT,30,OK,2
1770672189185,TEXT,30,OK,8
1770672189185,TEXT,30,OK,3
1770672189185,TEXT,30,OK,9
1770672189185,LEAVE,30,OK,18
1770672189185,TEXT,30,OK,11
1770672189185,TEXT,30,OK,7
1770672189185,TEXT,30,OK,8
1770672189185,TEXT,30,OK,12
1770672189185,TEXT,30,OK,3
1770672189185,TEXT,30,OK,6
1770672189185,TEXT,30,OK,10
1770672189185,TEXT,30,OK,1
1770672189185,TEXT,31,OK,15
1770672189185,TEXT,30,OK,2
1770672189185,TEXT,30,OK,19
1770672189185,TEXT,31,OK,14
1770672189185,TEXT,31,OK,9
1770672189185,TEXT,30,OK,18
1770672189185,TEXT,30,OK,7
1770672189186,TEXT,30,OK,17
1770672189185,TEXT,30,OK,10
1770672189185,TEXT,30,OK,11
1770672189185,TEXT,30,OK,19
1770672189185,TEXT,30,OK,4
1770672189185,LEAVE,30,OK,14
1770672189185,TEXT,30,OK,5
1770672189186,TEXT,30,OK,18
1770672189186,TEXT,30,OK,1
1770672189185,TEXT,30,OK,15
1770672189185,TEXT,30,OK,10
1770672189186,TEXT,30,OK,4
1770672189186,TEXT,30,OK,6
1770672189186,TEXT,31,OK,1
1770672189186,TEXT,31,OK,19
1770672189186,TEXT,31,OK,10
1770672189186,TEXT,31,OK,5
1770672189187,TEXT,32,OK,20
1770672189199,TEXT,21,OK,11
1770672189199,TEXT,21,OK,16
1770672189199,JOIN,21,OK,5
1770672189199,TEXT,21,OK,11
1770672189199,TEXT,21,OK,4
1770672189199,TEXT,21,OK,12
1770672189199,TEXT,21,OK,20
1770672189199,TEXT,21,OK,16
1770672189187,TEXT,33,OK,13
1770672189199,TEXT,21,OK,8
1770672189199,JOIN,21,OK,1
1770672189199,TEXT,21,OK,18
1770672189199,TEXT,21,OK,2
1770672189199,TEXT,21,OK,4
1770672189199,LEAVE,21,OK,6
1770672189199,TEXT,21,OK,16
1770672189199,TEXT,21,OK,17
1770672189191,TEXT,30,OK,3
1770672189191,TEXT,31,OK,17
1770672189191,TEXT,31,OK,18
1770672189191,TEXT,31,OK,17
1770672189191,TEXT,31,OK,12
1770672189191,TEXT,31,OK,14
1770672189191,JOIN,31,OK,7
1770672189191,TEXT,31,OK,10
1770672189199,TEXT,22,OK,15
1770672189199,TEXT,23,OK,12
1770672189199,TEXT,23,OK,6
1770672189199,JOIN,23,OK,13
1770672189199,TEXT,23,OK,5
1770672189197,TEXT,25,OK,5
1770672189198,TEXT,24,OK,15
1770672189198,TEXT,24,OK,9
1770672189198,TEXT,24,OK,3
1770672189199,TEXT,23,OK,7
1770672189199,TEXT,23,OK,6
1770672189198,TEXT,24,OK,14
1770672189199,TEXT,23,OK,8
1770672189199,TEXT,23,OK,13
1770672189199,TEXT,23,OK,13
1770672189205,TEXT,22,OK,17
1770672189205,TEXT,22,OK,9
1770672189205,TEXT,22,OK,15
1770672189205,TEXT,22,OK,16
1770672189194,TEXT,35,OK,20
1770672189192,JOIN,37,OK,2
1770672189197,TEXT,33,OK,20
1770672189194,TEXT,36,OK,19
1770672189192,TEXT,37,OK,13
1770672189195,TEXT,34,OK,14
1770672189195,TEXT,34,OK,19
1770672189215,TEXT,20,OK,16
1770672189220,TEXT,25,OK,11
1770672189220,TEXT,25,OK,16
1770672189220,TEXT,25,OK,20
1770672189221,TEXT,24,OK,4
1770672189215,TEXT,30,OK,1
1770672189215,TEXT,30,OK,11
1770672189215,TEXT,30,OK,2
1770672189215,TEXT,30,OK,7
1770672189221,TEXT,25,OK,17
1770672189215,TEXT,30,OK,9
1770672189215,TEXT,30,OK,12
1770672189215,TEXT,30,OK,20
1770672189215,TEXT,30,OK,4
1770672189215,TEXT,30,OK,3
1770672189215,LEAVE,30,OK,2
1770672189215,TEXT,30,OK,8
1770672189216,TEXT,30,OK,3
1770672189216,TEXT,30,OK,8
1770672189216,TEXT,30,OK,9
1770672189216,TEXT,30,OK,11
1770672189216,JOIN,30,OK,8
1770672189216,TEXT,30,OK,18
1770672189216,LEAVE,30,OK,7
1770672189216,TEXT,30,OK,10
1770672189216,TEXT,30,OK,3
1770672189216,TEXT,30,OK,6
1770672189216,TEXT,30,OK,12
1770672189216,TEXT,30,OK,15
1770672189216,TEXT,30,OK,1
1770672189216,TEXT,30,OK,19
1770672189216,TEXT,30,OK,14
1770672189216,TEXT,30,OK,2
1770672189216,TEXT,30,OK,18
1770672189216,TEXT,30,OK,7
1770672189220,LEAVE,26,OK,5
1770672189220,TEXT,26,OK,11
1770672189221,TEXT,26,OK,8
1770672189220,TEXT,26,OK,16
1770672189220,TEXT,26,OK,4
1770672189220,JOIN,26,OK,13
1770672189220,TEXT,26,OK,12
1770672189220,TEXT,26,OK,20
1770672189221,TEXT,26,OK,18
1770672189221,TEXT,26,OK,1
1770672189216,TEXT,31,OK,9
1770672189221,LEAVE,26,OK,2
1770672189221,TEXT,26,OK,6
1770672189216,TEXT,31,OK,19
1770672189221,TEXT,26,OK,16
1770672189216,TEXT,31,OK,17
1770672189216,TEXT,31,OK,11
1770672189216,TEXT,31,OK,10
1770672189216,TEXT,31,OK,5
1770672189216,TEXT,31,OK,4
1770672189216,TEXT,31,OK,18
1770672189216,TEXT,31,OK,14
1770672189216,TEXT,31,OK,1
1770672189216,TEXT,31,OK,15
1770672189222,TEXT,25,OK,3
1770672189216,TEXT,31,OK,4
1770672189216,LEAVE,31,OK,10
1770672189217,TEXT,30,OK,1
1770672189217,TEXT,30,OK,19
1770672189217,TEXT,30,OK,10
1770672189222,JOIN,25,OK,3
1770672189217,LEAVE,30,OK,5
1770672189222,TEXT,26,OK,14
1770672189222,TEXT,26,OK,15
1770672189222,TEXT,27,OK,17
1770672189216,JOIN,32,OK,6
1770672189222,TEXT,26,OK,7
1770672189222,TEXT,27,OK,17
1770672189222,TEXT,27,OK,18
1770672189222,TEXT,26,OK,10
1770672189222,TEXT,26,OK,6
1770672189222,JOIN,27,OK,12
1770672189222,TEXT,26,OK,5
1770672189222,TEXT,26,OK,15
1770672189222,TEXT,27,OK,13
1770672189222,TEXT,27,OK,12
1770672189222,TEXT,27,OK,5
1770672189222,TEXT,26,OK,6
1770672189222,TEXT,27,OK,9
1770672189222,TEXT,27,OK,8
1770672189222,TEXT,27,OK,7
1770672189228,TEXT,25,OK,17
1770672189228,TEXT,25,OK,9
1770672189228,JOIN,25,OK,15
1770672189228,TEXT,25,OK,16
1770672189230,TEXT,26,OK,20
1770672189230,JOIN,26,OK,2
1770672189230,TEXT,26,OK,19
1770672189230,JOIN,26,OK,13
1770672189222,TEXT,33,OK,13
1770672189222,TEXT,33,OK,14
1770672189230,TEXT,26,OK,20
1770672189230,TEXT,26,OK,14
1770672189230,TEXT,26,OK,19
1770672189222,TEXT,33,OK,13
1770672189236,TEXT,22,OK,16
1770672189245,TEXT,17,OK,11
1770672189246,TEXT,17,OK,16
1770672189246,JOIN,17,OK,20
1770672189247,TEXT,25,OK,5
1770672189247,TEXT,25,OK,11
1770672189247,TEXT,25,OK,8
1770672189246,TEXT,26,OK,1
1770672189246,TEXT,26,OK,4
1770672189246,TEXT,26,OK,7
1770672189246,TEXT,26,OK,11
1770672189246,TEXT,26,OK,9
1770672189246,TEXT,26,OK,2
1770672189246,TEXT,26,OK,17
1770672189246,TEXT,26,OK,4
1770672189246,TEXT,26,OK,3
1770672189246,TEXT,26,OK,12
1770672189246,LEAVE,26,OK,8
1770672189246,TEXT,26,OK,2
1770672189246,TEXT,26,OK,11
1770672189246,TEXT,26,OK,9
1770672189246,TEXT,26,OK,8
1770672189246,TEXT,26,OK,18
1770672189246,TEXT,26,OK,7
1770672189246,LEAVE,26,OK,6
1770672189246,TEXT,26,OK,3
1770672189247,TEXT,26,OK,19
1770672189246,TEXT,26,OK,12
1770672189246,TEXT,26,OK,1
1770672189246,TEXT,26,OK,15
1770672189247,TEXT,26,OK,14
1770672189247,TEXT,26,OK,2
1770672189247,TEXT,26,OK,18
1770672189247,TEXT,26,OK,7
1770672189247,TEXT,26,OK,16
1770672189247,TEXT,26,OK,13
1770672189247,TEXT,26,OK,4
1770672189247,TEXT,26,OK,12
1770672189247,TEXT,26,OK,20
1770672189247,TEXT,26,OK,18
1770672189247,JOIN,26,OK,1
1770672189247,TEXT,26,OK,9
1770672189247,TEXT,26,OK,2
1770672189247,LEAVE,26,OK,6
1770672189248,TEXT,26,OK,16
1770672189246,JOIN,28,OK,20
1770672189246,TEXT,27,OK,3
1770672189248,TEXT,26,OK,19
1770672189246,TEXT,27,OK,10
1770672189246,TEXT,27,OK,8
1770672189248,JOIN,26,OK,17
1770672189248,TEXT,26,OK,11
1770672189248,TEXT,26,OK,10
1770672189248,TEXT,26,OK,1
1770672189248,TEXT,26,OK,4
1770672189248,TEXT,26,OK,5
1770672189248,TEXT,26,OK,18
1770672189248,TEXT,26,OK,14
1770672189248,TEXT,26,OK,14
1770672189248,TEXT,26,OK,5
1770672189248,TEXT,26,OK,10
1770672189248,TEXT,26,OK,15
1770672189249,TEXT,25,OK,6
1770672189248,TEXT,26,OK,4
1770672189248,TEXT,26,OK,3
1770672189248,TEXT,26,OK,1
1770672189248,TEXT,26,OK,19
1770672189249,TEXT,25,OK,17
1770672189249,TEXT,25,OK,15
1770672189249,TEXT,25,OK,10
1770672189249,JOIN,25,OK,18
1770672189248,TEXT,26,OK,10
1770672189249,TEXT,25,OK,12
1770672189249,TEXT,25,OK,17
1770672189249,TEXT,25,OK,7
1770672189249,TEXT,25,OK,13
1770672189249,TEXT,25,OK,6
1770672189249,LEAVE,25,OK,12
1770672189249,TEXT,25,OK,5
1770672189249,TEXT,25,OK,15
1770672189248,TEXT,26,OK,3
1770672189258,TEXT,25,OK,16
1770672189253,TEXT,30,OK,15
1770672189253,TEXT,30,OK,17
1770672189253,TEXT,30,OK,9
1770672189253,TEXT,30,OK,16
1770672189256,TEXT,28,OK,20
1770672189249,TEXT,34,OK,5
1770672189256,LEAVE,27,OK,19
1770672189256,TEXT,27,OK,20
1770672189256,TEXT,28,OK,2
1770672189256,TEXT,28,OK,13
1770672189256,TEXT,27,OK,14
1770672189256,TEXT,28,OK,19
1770672189256,TEXT,28,OK,14
1770672189249,TEXT,34,OK,9
1770672189249,TEXT,34,OK,8
1770672189256,TEXT,28,OK,13
1770672189249,TEXT,34,OK,6
1770672189256,TEXT,28,OK,13
1770672189250,TEXT,34,OK,7
1770672189263,TEXT,27,OK,11
1770672189263,TEXT,31,OK,16
1770672189263,TEXT,31,OK,20
1770672189272,TEXT,28,OK,1
1770672189272,TEXT,28,OK,5
1770672189272,TEXT,28,OK,4
1770672189272,TEXT,28,OK,7
1770672189272,TEXT,28,OK,11
1770672189272,TEXT,28,OK,9
1770672189272,TEXT,28,OK,2
1770672189272,JOIN,28,OK,4
1770672189272,TEXT,28,OK,17
1770672189272,TEXT,28,OK,8
1770672189272,TEXT,28,OK,12
1770672189272,TEXT,28,OK,3
1770672189272,TEXT,28,OK,11
1770672189272,TEXT,28,OK,8
1770672189272,TEXT,28,OK,11
1770672189272,TEXT,28,OK,2
1770672189273,TEXT,28,OK,9
1770672189273,TEXT,28,OK,7
1770672189273,TEXT,28,OK,18
1770672189273,TEXT,27,OK,15
1770672189273,TEXT,27,OK,1
1770672189273,TEXT,28,OK,8
1770672189273,TEXT,27,OK,16
1770672189273,LEAVE,27,OK,13
1770672189273,TEXT,28,OK,6
1770672189273,TEXT,27,OK,18
1770672189274,TEXT,27,OK,2
1770672189273,TEXT,28,OK,19
1770672189273,TEXT,27,OK,4
1770672189274,TEXT,27,OK,16
1770672189273,TEXT,27,OK,20
1770672189273,TEXT,27,OK,12
1770672189273,TEXT,28,OK,12
1770672189273,TEXT,28,OK,18
1770672189274,TEXT,28,OK,1
1770672189274,TEXT,28,OK,9
1770672189273,JOIN,28,OK,14
1770672189274,TEXT,27,OK,20
1770672189273,LEAVE,28,OK,3
1770672189273,TEXT,28,OK,2
1770672189274,TEXT,28,OK,6
1770672189273,JOIN,28,OK,7
1770672189274,TEXT,27,OK,19
1770672189274,TEXT,27,OK,3
1770672189274,JOIN,27,OK,10
1770672189274,TEXT,27,OK,8
1770672189274,TEXT,29,OK,5
1770672189274,TEXT,29,OK,4
1770672189274,TEXT,29,OK,10
1770672189274,TEXT,29,OK,10
1770672189274,TEXT,29,OK,3
1770672189274,TEXT,29,OK,14
1770672189274,TEXT,29,OK,15
1770672189275,TEXT,29,OK,1
1770672189274,TEXT,30,OK,17
1770672189274,TEXT,30,OK,11
1770672189274,TEXT,29,OK,4
1770672189274,TEXT,29,OK,18
1770672189274,TEXT,29,OK,5
1770672189274,TEXT,29,OK,14
1770672189274,TEXT,30,OK,1
1770672189275,TEXT,29,OK,19
1770672189274,TEXT,29,OK,6
1770672189275,TEXT,29,OK,15
1770672189275,TEXT,29,OK,17
1770672189275,TEXT,30,OK,18
1770672189275,TEXT,30,OK,10
1770672189275,TEXT,30,OK,10
1770672189275,TEXT,30,OK,17
1770672189275,TEXT,30,OK,12
1770672189284,TEXT,24,OK,15
1770672189284,TEXT,24,OK,16
1770672189284,TEXT,24,OK,17
1770672189284,TEXT,24,OK,16
1770672189284,TEXT,24,OK,9
1770672189284,TEXT,25,OK,20
1770672189275,TEXT,34,OK,12
1770672189284,TEXT,25,OK,5
1770672189284,TEXT,25,OK,2
1770672189284,TEXT,25,OK,20
1770672189275,TEXT,34,OK,3
1770672189284,JOIN,25,OK,9
1770672189284,TEXT,25,OK,13
1770672189275,TEXT,35,OK,7
1770672189284,TEXT,25,OK,13
1770672189284,TEXT,25,OK,14
1770672189284,TEXT,25,OK,19
1770672189275,TEXT,35,OK,6
1770672189284,TEXT,25,OK,19
1770672189275,TEXT,35,OK,15
1770672189275,TEXT,35,OK,5
1770672189275,TEXT,35,OK,13
1770672189284,TEXT,25,OK,14
1770672189284,TEXT,25,OK,6
1770672189284,TEXT,25,OK,8
1770672189284,TEXT,25,OK,13
1770672189290,TEXT,26,OK,11
1770672189284,TEXT,33,OK,7
1770672189301,TEXT,25,OK,16
1770672189301,TEXT,25,OK,8
1770672189301,TEXT,25,OK,11
1770672189294,TEXT,32,OK,16
1770672189301,TEXT,25,OK,12
1770672189300,TEXT,25,OK,5
1770672189301,TEXT,25,OK,4
1770672189301,TEXT,25,OK,20
1770672189294,TEXT,32,OK,20
1770672189302,TEXT,24,OK,1
1770672189301,LEAVE,25,OK,18
1770672189300,TEXT,25,OK,4
1770672189301,TEXT,25,OK,13
1770672189300,TEXT,25,OK,1
1770672189301,TEXT,25,OK,2
1770672189301,TEXT,25,OK,16
1770672189300,TEXT,25,OK,7
1770672189300,TEXT,25,OK,11
1770672189300,TEXT,25,OK,2
1770672189300,TEXT,25,OK,17
1770672189300,TEXT,25,OK,9
1770672189300,TEXT,25,OK,4
1770672189301,TEXT,25,OK,3
1770672189301,TEXT,25,OK,12
1770672189301,TEXT,26,OK,8
1770672189301,LEAVE,26,OK,11
1770672189301,TEXT,26,OK,9
1770672189301,TEXT,26,OK,2
1770672189301,TEXT,25,OK,8
1770672189301,TEXT,25,OK,6
1770672189301,TEXT,26,OK,18
1770672189301,TEXT,26,OK,7
1770672189301,JOIN,25,OK,12
1770672189301,TEXT,26,OK,15
1770672189301,LEAVE,25,OK,19
1770672189301,TEXT,26,OK,1
1770672189302,TEXT,25,OK,14
1770672189302,TEXT,25,OK,18
1770672189302,TEXT,25,OK,9
1770672189309,TEXT,27,OK,15
1770672189309,TEXT,27,OK,16
1770672189309,TEXT,27,OK,16
1770672189309,TEXT,27,OK,9
1770672189309,TEXT,27,OK,17
1770672189302,JOIN,34,OK,6
1770672189302,TEXT,34,OK,20
1770672189302,TEXT,34,OK,8
1770672189302,TEXT,34,OK,3
1770672189302,TEXT,34,OK,10
1770672189302,TEXT,34,OK,3
1770672189302,TEXT,34,OK,2
1770672189302,TEXT,34,OK,7
1770672189302,TEXT,34,OK,19
1770672189304,TEXT,33,OK,10
1770672189304,TEXT,33,OK,17
1770672189304,JOIN,33,OK,4
1770672189304,TEXT,33,OK,11
1770672189304,TEXT,33,OK,18
1770672189304,TEXT,33,OK,5
1770672189304,TEXT,33,OK,14
1770672189304,TEXT,33,OK,14
1770672189304,TEXT,33,OK,1
1770672189304,TEXT,33,OK,5
1770672189304,TEXT,33,OK,15
1770672189304,TEXT,33,OK,6
1770672189304,TEXT,33,OK,4
1770672189304,TEXT,33,OK,3
1770672189305,TEXT,32,OK,10
1770672189304,TEXT,33,OK,1
1770672189304,TEXT,33,OK,17
1770672189304,TEXT,33,OK,19
1770672189305,TEXT,32,OK,10
1770672189305,TEXT,32,OK,18
1770672189305,TEXT,32,OK,17
1770672189305,TEXT,32,OK,12
1770672189310,TEXT,27,OK,7
1770672189310,TEXT,27,OK,19
1770672189310,TEXT,27,OK,13
1770672189310,JOIN,28,OK,12
1770672189310,TEXT,27,OK,6
1770672189310,TEXT,28,OK,20
1770672189310,TEXT,27,OK,5
1770672189310,TEXT,27,OK,14
1770672189310,TEXT,28,OK,5
1770672189310,LEAVE,28,OK,3
1770672189310,TEXT,28,OK,2
1770672189310,TEXT,28,OK,20
1770672189310,TEXT,28,OK,13
1770672189310,TEXT,27,OK,15
1770672189310,JOIN,28,OK,9
1770672189310,TEXT,28,OK,19
1770672189310,TEXT,27,OK,8
1770672189310,TEXT,27,OK,14
1770672189310,TEXT,28,OK,13
1770672189310,TEXT,27,OK,6
1770672189310,TEXT,27,OK,13
1770672189304,TEXT,33,OK,15
1770672189304,TEXT,34,OK,10
1770672189316,TEXT,26,OK,11
1770672189318,TEXT,26,OK,7
1770672189326,LEAVE,26,OK,16
1770672189326,TEXT,26,OK,20
1770672189326,TEXT,26,OK,1
1770672189326,JOIN,26,OK,18
1770672189326,TEXT,26,OK,2
1770672189326,TEXT,26,OK,4
1770672189326,TEXT,26,OK,9
1770672189326,TEXT,26,OK,4
1770672189326,TEXT,26,OK,17
1770672189326,TEXT,26,OK,16
1770672189327,TEXT,25,OK,8
1770672189326,TEXT,26,OK,12
1770672189327,JOIN,25,OK,11
1770672189326,TEXT,26,OK,3
1770672189327,TEXT,25,OK,2
1770672189326,TEXT,26,OK,2
1770672189327,TEXT,26,OK,9
1770672189326,TEXT,26,OK,5
1770672189326,TEXT,26,OK,11
1770672189326,TEXT,26,OK,8
1770672189326,TEXT,26,OK,16
1770672189326,TEXT,26,OK,4
1770672189326,TEXT,26,OK,12
1770672189326,TEXT,26,OK,20
1770672189326,TEXT,26,OK,13
1770672189326,TEXT,26,OK,7
1770672189326,JOIN,26,OK,1
1770672189326,TEXT,26,OK,11
1770672189336,TEXT,25,OK,15
1770672189336,TEXT,25,OK,6
1770672189336,TEXT,25,OK,20
1770672189336,TEXT,25,OK,3
1770672189336,TEXT,25,OK,16
1770672189336,TEXT,25,OK,8
1770672189336,TEXT,25,OK,16
1770672189336,TEXT,25,OK,10
1770672189336,TEXT,25,OK,9
1770672189336,TEXT,25,OK,17
1770672189327,TEXT,34,OK,18
1770672189327,TEXT,34,OK,6
1770672189327,TEXT,34,OK,7
1770672189327,TEXT,34,OK,12
1770672189327,TEXT,34,OK,15
1770672189327,TEXT,34,OK,19
1770672189336,LEAVE,25,OK,3
1770672189327,TEXT,34,OK,9
1770672189337,TEXT,25,OK,2
1770672189327,TEXT,34,OK,18
1770672189327,TEXT,34,OK,14
1770672189337,TEXT,25,OK,19
1770672189327,TEXT,34,OK,1
1770672189327,TEXT,35,OK,8
1770672189337,TEXT,25,OK,7
1770672189337,TEXT,25,OK,10
1770672189337,TEXT,24,OK,11
1770672189337,TEXT,25,OK,17
1770672189337,LEAVE,24,OK,4
1770672189337,TEXT,24,OK,14
1770672189337,TEXT,24,OK,5
1770672189337,TEXT,25,OK,18
1770672189337,TEXT,24,OK,5
1770672189337,TEXT,24,OK,14
1770672189337,TEXT,24,OK,15
1770672189337,TEXT,24,OK,6
1770672189337,TEXT,24,OK,4
1770672189338,TEXT,24,OK,3
1770672189338,TEXT,24,OK,1
1770672189338,TEXT,24,OK,17
1770672189338,TEXT,24,OK,19
1770672189338,TEXT,24,OK,10
1770672189338,TEXT,24,OK,10
1770672189338,TEXT,24,OK,17
1770672189338,TEXT,24,OK,18
1770672189338,TEXT,26,OK,7
1770672189338,TEXT,26,OK,12
1770672189338,TEXT,26,OK,19
1770672189338,LEAVE,26,OK,12
1770672189338,TEXT,26,OK,13
1770672189338,TEXT,26,OK,6
1770672189337,TEXT,26,OK,1
1770672189338,TEXT,34,OK,20
1770672189338,TEXT,34,OK,2
1770672189338,TEXT,34,OK,3
1770672189338,TEXT,34,OK,5
1770672189338,TEXT,34,OK,5
1770672189338,TEXT,34,OK,9
1770672189338,TEXT,34,OK,15
1770672189338,TEXT,34,OK,8
1770672189338,TEXT,34,OK,20
1770672189338,TEXT,34,OK,13
1770672189338,TEXT,34,OK,19
1770672189338,TEXT,37,OK,14
1770672189343,TEXT,33,OK,11
1770672189352,TEXT,23,OK,16
1770672189352,TEXT,23,OK,1
1770672189353,TEXT,22,OK,5
1770672189352,TEXT,23,OK,2
1770672189353,TEXT,23,OK,17
1770672189353,TEXT,22,OK,20
1770672189352,TEXT,23,OK,20
1770672189352,TEXT,23,OK,4
1770672189352,TEXT,23,OK,18
1770672189352,TEXT,23,OK,9
1770672189353,TEXT,23,OK,2
1770672189352,TEXT,23,OK,4
1770672189353,TEXT,23,OK,8
1770672189353,TEXT,23,OK,16
1770672189353,TEXT,23,OK,12
1770672189353,TEXT,23,OK,3
1770672189353,JOIN,23,OK,11
1770672189353,TEXT,23,OK,2
1770672189353,JOIN,23,OK,9
1770672189353,TEXT,23,OK,16
1770672189353,TEXT,23,OK,11
1770672189353,TEXT,23,OK,8
1770672189353,TEXT,23,OK,4
1770672189353,JOIN,23,OK,12
1770672189353,TEXT,23,OK,7
1770672189353,LEAVE,24,OK,13
1770672189338,TEXT,38,OK,10
1770672189338,TEXT,38,OK,14
1770672189338,TEXT,38,OK,15
1770672189338,JOIN,38,OK,6
1770672189338,TEXT,38,OK,13
1770672189344,TEXT,32,OK,7
1770672189338,TEXT,38,OK,13
1770672189353,TEXT,26,OK,1
1770672189353,TEXT,29,OK,11
1770672189361,TEXT,26,OK,15
1770672189361,TEXT,26,OK,16
1770672189361,TEXT,26,OK,16
1770672189361,TEXT,26,OK,9
1770672189361,TEXT,26,OK,17
1770672189361,JOIN,26,OK,6
1770672189361,TEXT,26,OK,3
1770672189361,TEXT,26,OK,20
1770672189361,TEXT,26,OK,8
1770672189362,JOIN,26,OK,18
1770672189362,LEAVE,26,OK,8
1770672189362,TEXT,26,OK,12
1770672189361,TEXT,26,OK,10
1770672189362,TEXT,26,OK,6
1770672189362,TEXT,26,OK,7
1770672189362,TEXT,26,OK,3
1770672189362,TEXT,26,OK,15
1770672189362,TEXT,26,OK,19
1770672189362,TEXT,26,OK,1
1770672189362,TEXT,26,OK,2
1770672189362,TEXT,26,OK,14
1770672189362,TEXT,26,OK,9
1770672189362,TEXT,26,OK,18
1770672189362,LEAVE,26,OK,19
1770672189362,TEXT,26,OK,7
1770672189362,TEXT,26,OK,10
1770672189362,TEXT,26,OK,11
1770672189362,TEXT,27,OK,17
1770672189362,TEXT,27,OK,4
1770672189362,TEXT,27,OK,5
1770672189362,TEXT,27,OK,14
1770672189362,TEXT,27,OK,18
1770672189362,LEAVE,27,OK,14
1770672189362,LEAVE,27,OK,5
1770672189364,TEXT,25,OK,1
1770672189362,TEXT,27,OK,15
1770672189362,TEXT,27,OK,4
1770672189362,TEXT,27,OK,3
1770672189362,TEXT,27,OK,1
1770672189362,TEXT,27,OK,17
1770672189362,JOIN,27,OK,19
1770672189362,LEAVE,27,OK,10
1770672189363,TEXT,27,OK,10
1770672189363,LEAVE,27,OK,17
1770672189363,TEXT,27,OK,18
1770672189364,TEXT,25,OK,7
1770672189364,TEXT,25,OK,12
1770672189364,TEXT,25,OK,19
1770672189364,TEXT,25,OK,12
1770672189364,TEXT,25,OK,6
1770672189362,TEXT,27,OK,6
1770672189364,TEXT,25,OK,13
1770672189372,TEXT,26,OK,20
1770672189372,TEXT,26,OK,2
1770672189372,TEXT,26,OK,15
1770672189372,TEXT,26,OK,5
1770672189372,TEXT,26,OK,3
1770672189372,TEXT,26,OK,9
1770672189372,JOIN,26,OK,8
1770672189372,TEXT,27,OK,5
1770672189376,TEXT,30,OK,16
1770672189376,TEXT,29,OK,18
1770672189376,TEXT,29,OK,2
1770672189376,TEXT,29,OK,9
1770672189376,TEXT,29,OK,2
1770672189376,TEXT,30,OK,11
1770672189376,TEXT,30,OK,5
1770672189376,TEXT,29,OK,16
1770672189376,TEXT,29,OK,17
1770672189376,LEAVE,30,OK,11
1770672189377,TEXT,29,OK,12
1770672189376,LEAVE,30,OK,8
1770672189376,TEXT,30,OK,4
1770672189376,TEXT,30,OK,20
1770672189376,TEXT,30,OK,20
1770672189376,TEXT,31,OK,1
1770672189376,TEXT,30,OK,4
1770672189379,TEXT,27,OK,1
1770672189377,TEXT,30,OK,7
1770672189376,JOIN,30,OK,4
1770672189376,TEXT,30,OK,12
1770672189376,JOIN,30,OK,3
1770672189376,TEXT,30,OK,11
1770672189376,TEXT,30,OK,2
1770672189376,TEXT,30,OK,9
1770672189376,TEXT,30,OK,16
1770672189376,TEXT,30,OK,8
1770672189377,TEXT,30,OK,13
1770672189372,TEXT,37,OK,13
1770672189372,TEXT,37,OK,19
1770672189377,TEXT,32,OK,10
1770672189372,TEXT,37,OK,20
1770672189377,TEXT,32,OK,6
1770672189376,TEXT,34,OK,14
1770672189377,TEXT,32,OK,13
1770672189377,TEXT,32,OK,13
1770672189377,TEXT,32,OK,14
1770672189377,TEXT,32,OK,15
1770672189377,TEXT,32,OK,7
1770672189383,TEXT,31,OK,11
1770672189388,TEXT,36,OK,15
1770672189388,TEXT,36,OK,16
1770672189388,TEXT,36,OK,16
1770672189388,TEXT,36,OK,6
1770672189388,TEXT,36,OK,17
1770672189388,TEXT,36,OK,3
1770672189388,TEXT,36,OK,20
1770672189388,TEXT,36,OK,9
1770672189388,TEXT,36,OK,8
1770672189388,TEXT,36,OK,8
1770672189388,TEXT,36,OK,18
1770672189388,TEXT,36,OK,10
1770672189388,TEXT,36,OK,7
1770672189388,TEXT,36,OK,12
1770672189388,TEXT,36,OK,6
1770672189388,JOIN,36,OK,3
1770672189388,TEXT,36,OK,19
1770672189388,TEXT,36,OK,15
1770672189388,TEXT,36,OK,14
1770672189388,TEXT,36,OK,2
1770672189388,TEXT,36,OK,9
1770672189388,TEXT,36,OK,1
1770672189388,TEXT,36,OK,7
1770672189388,TEXT,36,OK,19
1770672189388,TEXT,36,OK,18
1770672189388,TEXT,36,OK,10
1770672189389,TEXT,35,OK,17
1770672189389,TEXT,35,OK,4
1770672189388,TEXT,36,OK,11
1770672189389,TEXT,35,OK,5
1770672189389,TEXT,35,OK,14
1770672189389,JOIN,35,OK,18
1770672189389,TEXT,35,OK,14
1770672189389,TEXT,35,OK,1
1770672189389,TEXT,35,OK,5
1770672189390,TEXT,35,OK,15
1770672189390,LEAVE,35,OK,4
1770672189390,TEXT,35,OK,3
1770672189390,TEXT,35,OK,1
1770672189390,TEXT,35,OK,19
1770672189390,TEXT,35,OK,17
1770672189390,TEXT,35,OK,10
1770672189390,TEXT,35,OK,12
1770672189390,JOIN,36,OK,12
1770672189390,TEXT,36,OK,7
1770672189390,TEXT,36,OK,17
1770672189390,TEXT,36,OK,6
1770672189390,TEXT,36,OK,18
1770672189390,TEXT,36,OK,19
1770672189390,TEXT,36,OK,6
1770672189390,TEXT,36,OK,10
1770672189406,TEXT,27,OK,16
1770672189406,TEXT,27,OK,5
1770672189407,TEXT,26,OK,20
1770672189407,TEXT,26,OK,11
1770672189406,TEXT,27,OK,17
1770672189407,TEXT,26,OK,4
1770672189407,TEXT,26,OK,8
1770672189407,TEXT,26,OK,20
1770672189407,TEXT,26,OK,4
1770672189407,TEXT,26,OK,12
1770672189407,TEXT,26,OK,1
1770672189407,LEAVE,26,OK,1
1770672189406,JOIN,27,OK,2
1770672189406,TEXT,27,OK,18
1770672189406,TEXT,27,OK,2
1770672189406,TEXT,27,OK,16
1770672189406,LEAVE,27,OK,9
1770672189407,TEXT,26,OK,7
1770672189407,TEXT,26,OK,12
1770672189407,TEXT,26,OK,3
1770672189407,TEXT,26,OK,4
1770672189407,TEXT,26,OK,2
1770672189407,TEXT,26,OK,11
1770672189406,TEXT,27,OK,11
1770672189390,JOIN,45,OK,13
1770672189399,TEXT,36,OK,20
1770672189399,TEXT,36,OK,5
1770672189399,TEXT,36,OK,15
1770672189399,TEXT,36,OK,5
1770672189399,TEXT,36,OK,3
1770672189399,JOIN,36,OK,2
1770672189399,TEXT,36,OK,9
1770672189399,TEXT,36,OK,8
1770672189407,TEXT,35,OK,8
1770672189407,TEXT,35,OK,16
1770672189407,TEXT,35,OK,9
1770672189407,LEAVE,35,OK,13
1770672189410,TEXT,34,OK,10
1770672189410,TEXT,34,OK,20
1770672189410,TEXT,33,OK,6
1770672189410,LEAVE,34,OK,13
1770672189410,TEXT,34,OK,14
1770672189410,TEXT,34,OK,19
1770672189424,LEAVE,26,OK,15
1770672189424,TEXT,26,OK,16
1770672189424,TEXT,26,OK,16
1770672189424,TEXT,26,OK,17
1770672189424,TEXT,26,OK,3
1770672189424,TEXT,26,OK,6
1770672189415,TEXT,36,OK,11
1770672189424,TEXT,26,OK,20
1770672189424,TEXT,26,OK,8
1770672189424,TEXT,26,OK,8
1770672189424,TEXT,26,OK,18
1770672189424,TEXT,26,OK,7
1770672189424,TEXT,26,OK,12
1770672189424,TEXT,26,OK,10
1770672189424,TEXT,26,OK,3
1770672189425,TEXT,26,OK,1
1770672189424,TEXT,26,OK,15
1770672189424,LEAVE,26,OK,6
1770672189424,LEAVE,26,OK,19
1770672189424,TEXT,26,OK,2
1770672189424,TEXT,26,OK,14
1770672189425,TEXT,26,OK,18
1770672189425,TEXT,26,OK,9
1770672189424,TEXT,27,OK,9
1770672189425,TEXT,26,OK,19
1770672189425,TEXT,26,OK,7
1770672189425,TEXT,27,OK,17
1770672189425,TEXT,27,OK,11
1770672189425,TEXT,27,OK,4
1770672189425,TEXT,27,OK,10
1770672189425,TEXT,27,OK,14
1770672189425,JOIN,27,OK,18
1770672189425,TEXT,27,OK,1
1770672189425,TEXT,27,OK,5
1770672189425,TEXT,27,OK,14
1770672189425,TEXT,27,OK,5
1770672189425,JOIN,27,OK,15
1770672189425,TEXT,27,OK,4
1770672189425,TEXT,27,OK,1
1770672189410,TEXT,43,OK,14
1770672189410,TEXT,43,OK,13
1770672189410,TEXT,43,OK,15
1770672189410,TEXT,43,OK,13
1770672189425,TEXT,27,OK,19
1770672189425,JOIN,27,OK,17
1770672189425,TEXT,27,OK,10
1770672189425,TEXT,28,OK,3
1770672189410,TEXT,43,OK,7
1770672189433,TEXT,26,OK,11
1770672189433,LEAVE,26,OK,2
1770672189433,TEXT,26,OK,4
1770672189433,TEXT,26,OK,2
1770672189433,TEXT,26,OK,18
1770672189433,TEXT,26,OK,16
1770672189433,TEXT,26,OK,5
1770672189433,TEXT,26,OK,17
1770672189433,TEXT,26,OK,11
1770672189433,TEXT,26,OK,4
1770672189433,TEXT,26,OK,12
1770672189433,LEAVE,26,OK,20
1770672189433,TEXT,26,OK,8
1770672189433,TEXT,26,OK,20
1770672189433,TEXT,26,OK,4
1770672189433,TEXT,26,OK,1
1770672189433,TEXT,26,OK,1
1770672189433,TEXT,26,OK,16
1770672189433,TEXT,26,OK,7
1770672189433,TEXT,26,OK,12
1770672189433,TEXT,26,OK,9
1770672189433,TEXT,26,OK,3
1770672189433,TEXT,26,OK,2
1770672189433,TEXT,26,OK,11
1770672189435,TEXT,26,OK,20
1770672189435,TEXT,26,OK,3
1770672189426,TEXT,35,OK,12
1770672189426,TEXT,35,OK,6
1770672189426,TEXT,35,OK,17
1770672189426,TEXT,35,OK,7
1770672189426,TEXT,35,OK,18
1770672189426,TEXT,36,OK,12
1770672189426,TEXT,35,OK,10
1770672189426,TEXT,35,OK,19
1770672189435,TEXT,26,OK,13
1770672189426,TEXT,35,OK,6
1770672189435,TEXT,27,OK,5
1770672189435,TEXT,26,OK,2
1770672189435,TEXT,26,OK,5
1770672189435,TEXT,27,OK,15
1770672189435,TEXT,26,OK,9
1770672189435,TEXT,26,OK,8
1770672189442,TEXT,28,OK,16
1770672189442,TEXT,28,OK,13
1770672189442,TEXT,28,OK,8
1770672189442,TEXT,28,OK,9
1770672189444,TEXT,27,OK,20
1770672189444,TEXT,27,OK,10
1770672189451,TEXT,31,OK,15
1770672189451,TEXT,31,OK,16
1770672189451,TEXT,31,OK,17
1770672189451,TEXT,30,OK,9
1770672189451,LEAVE,30,OK,8
1770672189451,TEXT,30,OK,6
1770672189451,LEAVE,31,OK,7
1770672189451,TEXT,30,OK,19
1770672189451,TEXT,31,OK,12
1770672189451,TEXT,31,OK,3
1770672189451,TEXT,30,OK,18
1770672189451,TEXT,31,OK,1
1770672189452,TEXT,30,OK,7
1770672189451,TEXT,31,OK,18
1770672189451,TEXT,31,OK,9
1770672189451,TEXT,31,OK,16
1770672189451,TEXT,31,OK,3
1770672189451,TEXT,31,OK,6
1770672189451,TEXT,31,OK,19
1770672189451,TEXT,31,OK,11
1770672189451,TEXT,31,OK,10
1770672189451,TEXT,31,OK,8
1770672189451,TEXT,31,OK,15
1770672189451,TEXT,31,OK,20
1770672189451,TEXT,31,OK,2
1770672189451,TEXT,31,OK,14
1770672189452,TEXT,34,OK,17
1770672189452,TEXT,34,OK,18
1770672189452,TEXT,34,OK,1
1770672189444,TEXT,42,OK,13
1770672189444,TEXT,42,OK,14
1770672189444,JOIN,43,OK,6
1770672189444,TEXT,42,OK,19
1770672189452,TEXT,34,OK,10
1770672189460,TEXT,27,OK,11
1770672189452,TEXT,34,OK,4
1770672189452,TEXT,34,OK,5
1770672189452,TEXT,34,OK,11
1770672189460,TEXT,27,OK,16
1770672189460,TEXT,27,OK,5
1770672189452,TEXT,34,OK,14
1770672189460,TEXT,27,OK,4
1770672189460,TEXT,27,OK,2
1770672189460,TEXT,27,OK,18
1770672189460,TEXT,27,OK,11
1770672189460,TEXT,27,OK,2
1770672189460,TEXT,27,OK,17
1770672189460,TEXT,27,OK,9
1770672189460,TEXT,27,OK,20
1770672189460,TEXT,27,OK,16
1770672189460,TEXT,27,OK,4
1770672189460,TEXT,27,OK,12
1770672189460,TEXT,27,OK,20
1770672189460,JOIN,27,OK,8
1770672189460,TEXT,27,OK,1
1770672189460,TEXT,27,OK,4
1770672189460,TEXT,27,OK,1
1770672189460,TEXT,27,OK,7
1770672189460,LEAVE,27,OK,12
1770672189452,TEXT,35,OK,14
1770672189460,TEXT,27,OK,3
1770672189460,TEXT,27,OK,11
1770672189453,TEXT,35,OK,15
1770672189453,TEXT,35,OK,4
1770672189460,TEXT,27,OK,2
1770672189453,TEXT,34,OK,19
1770672189453,TEXT,34,OK,17
1770672189453,TEXT,34,OK,10
1770672189453,TEXT,35,OK,1
1770672189453,TEXT,34,OK,14
1770672189453,TEXT,34,OK,15
1770672189452,TEXT,35,OK,5
1770672189453,TEXT,34,OK,3
1770672189453,TEXT,34,OK,13
1770672189453,LEAVE,34,OK,13
1770672189453,TEXT,34,OK,7
1770672189462,TEXT,26,OK,20
1770672189462,TEXT,26,OK,2
1770672189462,TEXT,26,OK,3
1770672189462,TEXT,26,OK,12
1770672189462,TEXT,26,OK,17
1770672189462,TEXT,26,OK,7
1770672189462,JOIN,26,OK,6
1770672189462,TEXT,26,OK,18
1770672189462,TEXT,26,OK,13
1770672189462,TEXT,26,OK,12
1770672189462,LEAVE,26,OK,19
1770672189462,TEXT,26,OK,10
1770672189462,LEAVE,26,OK,6
1770672189462,TEXT,26,OK,5
1770672189462,TEXT,26,OK,5
1770672189462,TEXT,26,OK,15
1770672189462,JOIN,31,OK,9
1770672189462,TEXT,31,OK,8
1770672189470,TEXT,30,OK,8
1770672189470,TEXT,30,OK,16
1770672189470,TEXT,30,OK,9
1770672189470,TEXT,30,OK,13
1770672189482,TEXT,28,OK,9
1770672189483,TEXT,27,OK,16
1770672189482,TEXT,28,OK,17
1770672189482,TEXT,28,OK,8
1770672189482,TEXT,28,OK,12
1770672189482,TEXT,28,OK,15
1770672189482,JOIN,28,OK,18
1770672189482,TEXT,28,OK,3
1770672189482,TEXT,28,OK,1
1770672189483,TEXT,28,OK,3
1770672189482,TEXT,28,OK,6
1770672189482,TEXT,28,OK,16
1770672189482,TEXT,28,OK,19
1770672189482,TEXT,28,OK,9
1770672189482,TEXT,28,OK,18
1770672189482,TEXT,28,OK,7
1770672189482,TEXT,28,OK,7
1770672189471,LEAVE,39,OK,20
1770672189471,TEXT,39,OK,10
1770672189487,TEXT,32,OK,11
1770672189487,LEAVE,32,OK,16
1770672189487,TEXT,32,OK,5
1770672189487,LEAVE,32,OK,20
1770672189487,TEXT,31,OK,4
1770672189487,TEXT,32,OK,18
1770672189487,TEXT,32,OK,12
1770672189487,LEAVE,32,OK,20
1770672189488,TEXT,31,OK,4
1770672189488,TEXT,32,OK,1
1770672189487,TEXT,32,OK,2
1770672189488,TEXT,31,OK,1
1770672189483,TEXT,36,OK,6
1770672189487,JOIN,32,OK,16
1770672189483,TEXT,36,OK,11
1770672189487,TEXT,32,OK,2
1770672189488,TEXT,32,OK,7
1770672189487,TEXT,32,OK,17
1770672189483,TEXT,36,OK,20
177067218